NAME,ISIN,1999,2000,2001,2002,2003,2004,2005,2006,2007,2008,2009,2010,2011,2012,2013,2014,2015,2016,2017,2018,2019,2020,2021,2022,2023,2024,2025
ADBRI DEAD - DELIST.02/07/24,AU000000ABC7,,,,,,,,,,,,,,,,,,,,2151902.0,2156481.0,2125121.0,2092331.0,1922718.0,1798170.0,,
ARISTOCRAT LEISURE,AU000000ALL7,,,,,,,,,,,,,,,,,,,,,15400.0,13300.0,18900.0,6579.0,4594.0,5197.0,
AMP,AU000000AMP6,,,,,,,,,510.0,,1.0,299.63,162.92,146.86,,,,,96.0,122.0,75.0,355.0,146.0,29.0,27.0,26.0,
ANSELL,AU000000ANN9,,,,,,,,,,,,,,,,,,,,,,122720.0,131350.0,135414.0,121369.0,173100.0,181558.0
ANZ GROUP HOLDINGS,AU000000ANZ3,,,,,,,7301.0,12896.0,13153.0,15504.0,15218.0,18278.0,15416.0,16428.0,16038.0,17611.0,22688.0,21122.0,19024.0,17970.0,16249.0,11762.0,6424.0,5819.0,6185.0,5958.0,6314.0
APA GROUP,AU000000APA1,,,,,,,,,,,298906.0,305076.0,297099.0,327239.0,322827.0,311421.0,350922.0,1084236.0,1241632.0,1205766.0,1229923.0,1322249.0,1429979.0,1492977.0,1379338.0,1905327.0,1862659.0
ASX,AU000000ASX7,,,,,,,,,7.0,,,20.0,,251.0,300.0,100.0,29.0,11.0,48.0,44.71,29.56,30.12,22.0,34.0,50.0,34.0,37.0
BENDIGO & ADELAIDE BANK,AU000000BEN6,,,,,,,,,,,,,,3747.0,,,,,,,,2483.0,1466.0,1363.0,1390.0,1262.0,960.0
BHP GROUP,AU000000BHP4,,,,,,,22816087.0,23200000.0,21394070.0,22231000.0,21340000.0,19250000.0,19800000.0,20200000.0,22000000.0,22700000.0,20700000.0,11300000.0,10500000.0,10590000.0,9260000.0,9600000.0,10100000.0,9100000.0,8000000.0,8200000.0,7300000.0
BORAL DEAD - DELIST.08/07/24,AU000000BLD2,,,,,,,3840000.0,3750000.0,3205000.0,3217000.0,2977000.0,2528000.0,2764760.0,2811000.0,2676000.0,2459000.0,1871000.0,1733000.0,1772000.0,2044000.0,1572000.0,1350000.0,1320000.0,1330000.0,,,
BANK OF QLND.,AU000000BOQ8,,,,,,,,,,,,,,,,,,,,,,558.0,429.0,423.0,399.0,328.0,
BEACH ENERGY,AU000000BPT9,,,,,,,,,,,,,,,,62696.0,51835.0,41195.0,18297.0,495740.0,576791.0,607423.0,559457.0,569509.0,538977.0,541164.0,626731.0
BLUESCOPE STEEL,AU000000BSL0,,,,,,,,,,,9710000.0,,13390000.0,9480000.0,8095000.0,7840000.0,7810000.0,8270000.0,8670000.0,8820000.0,8590000.0,8420000.0,8840000.0,8680000.0,8510000.0,8500000.0,
BWP GROUP STAPLED UNITS,AU000000BWP3,,,,,,,,,,,,,0.0,0.0,0.0,0.0,0.0,0.0,0.0,0.0,0.0,0.0,0.0,0.0,0.0,0.0,
COMMONWEALTH BK.OF AUS.,AU000000CBA7,,,,,,,,,,,17038.0,15073.0,13289.0,10385.0,10959.0,10540.0,9729.0,9063.0,9694.0,8739.0,7624.0,12526.0,8768.0,6667.0,7891.0,7258.0,
CHALLENGER,AU000000CGF5,,,,,,,,,,,,,,,,,0.0,0.0,0.0,3.5,4.0,2.0,0.99,40.67,34.9,2.9,
CIMIC GROUP DEAD - DELIST.11/05/22,AU000000CIM7,,,,,,,,1786040.0,,,478443.0,684758.0,730542.0,730542.0,3172000.0,153239.0,77412.0,1963000.0,2236000.0,2689000.0,2634000.0,2391000.0,115000.0,,,,
COCHLEAR,AU000000COH5,,,,,,,,,6.28,,,,,,,,,,,728.0,409.0,559.0,474.0,251.0,916.0,856.0,951.0
COMPUTERSHARE,AU000000CPU5,,,,,,,,,,,,,,,,,,,,,,2298.0,3583.0,2392.0,2640.0,3344.2,1847.0
CHARTER HALL RETAIL REIT,AU000000CQR9,,,,,,,,,,,,85.0,,,,,,,,,7820.0,263.0,294.0,325.0,384.0,141.0,184.0
CSL,AU000000CSL8,,,,,,,53948.0,53862.0,53862.0,52519.0,52519.0,51460.0,52800.0,55383.0,,,,,,,,,,104100.0,135000.0,113000.0,135000.0
CSR DEAD - DEAD.10/07/24,AU000000CSR5,,,,,,,,,,862118.0,752500.0,735858.0,394398.0,370008.0,367113.0,313461.0,351912.0,445151.0,453531.0,442072.0,306981.0,267905.0,280065.0,275488.0,272788.0,,
CLEANAWAY WASTE MANAGEMENT,AU000000CWY3,,,,,,,,,,,,,,931637.0,631497.0,559304.0,,,,712000.0,779000.0,755400.0,859500.0,1247000.0,1133000.0,1070000.0,1082000.0
DOWNER EDI,AU000000DOW2,,,,,,,,,,207900.0,283490.0,242210.0,249960.0,203120.0,219760.0,219259.0,220568.0,218900.0,224700.0,334700.0,356300.0,320686.0,306868.0,325582.0,339179.0,296532.0,278407.0
DEXUS STAPLED UNITS,AU000000DXS1,,,,,,,,,6403.0,6226.0,8993.0,8427.0,8675.0,7882.0,9267.0,11050.0,15881.0,17686.0,19695.0,18943.0,17742.0,17299.0,15763.0,12764.0,12051.0,10059.0,
ELDERS,AU000000ELD6,,,,,,,,,,,,,,,,,,,,13794.0,15330.0,14574.0,55419.0,64387.0,59221.0,57210.0,38206.0
ENERGY RES.OF AUS.,AU000000ERA9,,,,,,,,,,140957.0,119032.0,108886.0,102432.0,128725.0,113844.0,,,,,,,,,,,,
FLIGHT CENTRE TRAVEL GP.,AU000000FLT9,,,,,,,,,,,,,,,,,,,,,52500.0,,,,22554.0,20243.0,
GOODMAN GROUP,AU000000GMG2,,,,,,,,,,,,,,,,,,,,,,,3313.0,3105.0,3492.0,3821.0,3683.0
GPT GROUP STAPLED UNITS,AU000000GPT8,,,,,,5854.0,7578.0,6838.0,6614.0,8745.0,13202.0,14710.0,9201.0,9843.0,10077.0,9556.0,13313.0,13621.0,9706.0,9874.0,10133.0,6904.0,7747.0,8806.0,7525.0,6590.0,
GWA GROUP,AU000000GWA4,,,,,,,,,,,,,15175.0,11113.0,10055.0,10012.0,,,,,,,,237.0,351.0,309.0,321.0
HILLS DEAD - DELIST.29/08/23,AU000000HIL8,"$$ER: 0904,NO DATA AVAILABLE",,,,,,,,,,,,,,,,,,,,,,,,,,
HARVEY NORMAN HOLDINGS,AU000000HVN7,"$$ER: 0904,NO DATA AVAILABLE",,,,,,,,,,,,,,,,,,,,,,,,,,
INSURANCE AUS.GROUP,AU000000IAG3,,,,,,,,53244.0,7966.0,8072.0,7419.0,7556.0,7765.0,8696.0,9253.0,9181.0,10600.0,13027.0,12368.0,11461.0,8357.0,6751.0,5600.0,4869.0,5617.0,7192.0,6770.0
INSIGNIA FINANCIAL,AU000000IFL2,,,,,,,,,,,,,,,,,,,,,,,1.5,0.0,0.0,,
IGO,AU000000IGO4,,,,,,,,,,,,4729.0,32675.0,38429.0,,,37181.0,49624.0,76482.0,71123.0,73963.0,63536.0,63336.5,62168.3,105437.9,111033.8,65861.0
ILUKA RESOURCES,AU000000ILU1,,,,,,,,,,,,,,,,,,,289000.0,446000.0,322000.0,399000.0,348000.0,421000.0,454000.0,392000.0,
IRESS,AU000000IRE2,,,,,,,,,,,,,,,,,,,,,106.0,159.0,80.0,72.0,53.0,47.0,
INVOCARE DEAD - DELIST.27/11/23,AU000000IVC8,,,,,,,,,,,4542.0,4384.0,5055.0,5460.0,,,,,,,,,,,,,
JB HI-FI,AU000000JBH7,,,,,,,,,,,,,,,,,,,,,,300.0,427.56,525.19,329.46,285.71,456.0
LENDLEASE GROUP STAPLED UNITS,AU000000LLC3,,,,,,,,,,10750.0,17165.0,49183.0,39340.0,115583.0,166789.0,122863.0,86876.0,86745.0,83649.0,141950.0,118182.0,106565.0,39259.0,22646.0,26217.0,31753.0,
MACMAHON HOLDINGS,AU000000MAH3,,,,,,,,,,,83134.0,53354.1,79268.75,,,,,127.0,156.0,569.0,795.0,6119.0,2051.0,15125.0,1091.0,894.0,9301.0
MIRVAC GROUP STAPLED UNITS,AU000000MGR9,,,,,,,6531.0,10670.0,17497.0,14571.0,15676.0,12382.0,13635.0,9987.0,7066.0,11441.0,9867.0,6179.0,4640.0,6829.0,6618.0,7457.0,6342.0,7125.0,9632.0,10711.0,
MGX RESOURCES,AU000000MGX7,"$$ER: 0904,NO DATA AVAILABLE",,,,,,,,,,,,,,,,,,,,,,,,,,
MONADELPHOUS GROUP,AU000000MND5,,,,,,,,,,,,,,9185.0,,,,,,,,,,,,,
MACQUARIE GROUP,AU000000MQG1,,,,,,,,,,,23.0,,0.0,0.0,0.0,,,,433.0,518.0,569.0,477.0,465.0,343.0,385.0,392.0,
METCASH,AU000000MTS0,,,,,,,,,,,8304.0,10406.0,12396.0,20087.0,,,,,,24741.0,12472.0,14110.0,15055.0,14576.0,13225.0,15446.0,34712.0
NATIONAL AUS.BANK,AU000000NAB4,,,,,,,,19424.0,19273.0,15337.0,16019.0,22084.0,25551.0,25460.0,20848.0,23481.0,23052.0,18373.0,19376.0,19208.0,19208.0,16579.0,10821.0,6619.0,7590.0,7313.0,
NEWCREST MINING DEAD - DELIST.08/11/23,AU000000NCM7,,,,,,,,,,,731331.0,1430611.0,1483302.0,1542738.0,,,,,1288105.0,1386235.0,1377787.0,1378676.0,1368391.0,1397980.0,1386578.0,,
ORIGIN ENERGY (EX BORAL),AU000000ORG5,,,,,,,,,6000000.0,5700000.0,1331747.0,1968703.0,2832948.0,12866000.0,13663000.0,14934000.0,16918000.0,16977000.0,17293000.0,18162000.0,17976000.0,16014000.0,14890000.0,12801000.0,13690000.0,15567000.0,15799000.0
ORICA,AU000000ORI1,,,,,,,4719000.0,4704000.0,4700000.0,3354000.0,2588260.0,2407520.0,2035000.0,1801000.0,1900000.0,1600000.0,1800000.0,1800000.0,1798800.0,2244000.0,2092000.0,1849000.0,1628000.0,1678000.0,1446000.0,923000.0,
OZ MINERALS DEAD - DELIST.03/05/23,AU000000OZL8,,,,,,,,,,576938.0,94610.0,114703.0,146422.0,156986.0,204959.0,231389.0,180290.0,142669.0,105648.0,85258.0,77271.0,85555.0,94720.0,95387.0,,,
PERPETUAL,AU000000PPT9,,,,,,,,,,,145.0,,,,,,,,,,,0.0,0.0,11.0,43.0,3.0,
QANTAS AIRWAYS,AU000000QAN2,,,,,,,,11200000.0,11519558.0,12627695.0,12063350.0,11749346.0,12387552.0,12534020.0,12422703.0,11938500.0,11707259.0,12070474.0,12248233.0,12390319.0,12372735.0,9340721.0,3236753.0,4734407.0,9720687.0,11456418.0,
QBE INSURANCE GROUP,AU000000QBE9,,,,,,,,,,520.0,1254.0,1170.0,1241.0,1160.0,10777.0,11144.0,12400.0,8686.0,7904.0,8314.0,6600.0,6565.0,6526.0,7179.0,7832.0,7746.0,
RAMSAY HEALTH CARE,AU000000RHC8,,,,,,,,,,,,,,,,,,15334.0,15722.0,,,55544.0,54982.0,83371.0,81885.0,90260.0,88711.0
ST BARBARA,AU000000SBM8,,,,,,,,,,,,,,89381.0,,,83000.0,131000.0,141000.0,141000.0,155000.0,175000.0,165000.0,145000.0,,,
SUNLAND GROUP DEAD - DELIST.30/10/23,AU000000SDG6,"$$ER: 0904,NO DATA AVAILABLE",,,,,,,,,,,,,,,,,,,,,,,,,,
SEEK,AU000000SEK6,,,,,,,,,,,,,,,,,,,,,,,0.0,68.0,88.0,87.0,
SIMS,AU000000SGM7,,,,,,,,,96481.27,136582.0,143045.0,142256.0,149941.0,117886.0,111131.0,106935.0,105213.0,82241.0,67266.0,80200.0,37400.0,76100.0,72100.0,80500.0,81500.0,79600.0,
STOCKLAND STAPLED UNITS,AU000000SGP0,,,,,,,,3500.09,3323.88,3201.34,18957.0,19099.0,27459.0,26961.0,18468.0,22101.74,26368.42,35036.0,27237.0,25453.0,24230.0,21028.0,4999.0,3902.0,3041.0,1905.0,
SONIC HEALTHCARE,AU000000SHL7,,,,,,,,,,,,,6646.0,8114.0,8285.0,8158.0,8326.0,8386.0,,,,7654.0,34677.0,35796.0,32503.0,,29908.0
SIGMA HEALTHCARE,AU000000SIG5,,,,,,,,,,,,4580.0,,,,,,,,,,,,27.0,3.37,7.57,
SANTOS,AU000000STO6,,,,,,,,4650000.0,4453917.0,3457460.0,3370540.0,3665981.0,3579410.0,3807773.0,3677867.0,3936602.0,4350000.0,5040000.0,5820000.0,5490000.0,5830000.0,5310000.0,6400000.0,5870000.0,5500000.0,4440000.0,
SUNCORP GROUP,AU000000SUN6,,,,,,,,,,,,,7443.0,6832.0,6584.0,6311.0,5926.0,5306.0,7073.0,8646.0,2739.0,2137.0,1826.0,1543.0,1811.0,1701.0,1286.0
SEVEN WEST MEDIA DEAD - DELIST.08/01/26,AU000000SWM4,,,,,,,,,,,,,,,,,,,,,,,,2486.63,,2486.63,
SOUTHERN CROSS MEDIA GROUP,AU000000SXL4,,,,,,,,,,,,,,,,,,,,,,,191.0,,429.35,371.02,320.16
TABCORP HOLDINGS,AU000000TAH8,,,,,,,,,,,,,9641.0,,1711.0,1807.0,1969.0,1978.0,2021.0,3892.0,5219.0,4523.0,2668.0,3265.0,3375.0,3509.0,3108.0
TRANSURBAN GROUP STAPLED UNITS,AU000000TCL6,,,,,,,,,117.0,212.0,231.0,143.0,117.55,143.0,147.0,149.0,1944.0,2020.0,2746.0,4189.0,3393.0,4213.0,4598.0,5300.0,5923.0,6072.0,5845.0
TELSTRA GROUP,AU000000TLS2,,,,,,,154381.0,149075.0,123051.0,100440.0,89952.0,81803.0,55137.0,53587.0,53645.0,52537.0,52003.0,50628.0,52680.0,55131.0,47204.0,36905.0,33085.0,31869.0,30738.0,33167.0,
WESTPAC BANKING,AU000000WBC1,,,,,,,,,,6316.0,10963.0,9565.0,21463.0,10277.0,10663.0,10270.0,10830.0,11102.0,9274.0,9824.0,9260.0,7594.0,7851.0,7297.0,6559.0,6262.0,4714.0
WESFARMERS,AU000000WES1,,,,,,,,,,,3012000.0,,3069669.0,2508924.0,,,,,,,,,,,845870.0,829889.0,789710.0
WORLEY,AU000000WOR2,,,,,,,,,,,,,34774.0,39209.0,,,,19118.0,11602.0,10614.0,32119.0,36928.0,25555.0,22238.0,22334.0,23963.0,24485.0
WOOLWORTHS GROUP,AU000000WOW2,,,,,,,,748825.0,,622241.0,472983.0,485985.0,398653.0,383871.0,512855.0,498030.0,525635.0,1301505.0,667238.0,663699.0,574831.0,477376.0,425836.0,495276.0,482624.0,463027.0,442289.0
A2B AUSTRALIA DEAD - DELIST.12/04/24,AU0000032187,"$$ER: 0904,NO DATA AVAILABLE",,,,,,,,,,,,,,,,,,,,,,,,,,
HEALIUS,AU0000033359,,,,,,,,,,,,,,,,,,,,,,,6585.0,6521.0,6189.0,5878.0,
OVATO DEAD - DELIST.29/08/22,AU0000038911,,,,,,,,,,,,27000.0,28000.0,25000.0,25000.0,,,,,,,,,,,,
AMPOL,AU0000088338,,,,,,,1800000.0,,,1887665.0,1887670.0,1817630.0,1869330.0,1849424.0,1849610.0,1704466.0,938697.0,733537.0,737663.0,739832.0,673668.0,576611.0,551804.0,727358.0,683969.0,725975.0,
WOODSIDE ENERGY GROUP,AU0000224040,,,,,,,,,,,8979762.0,8304547.0,7890419.0,8402000.0,9184000.0,9822000.0,9974000.0,10084000.0,9883000.0,9767000.0,8840000.0,9170000.0,8901000.0,9565000.0,9165000.0,9872000.0,
CHINESE ESTATES HDG.,BMG2108M2182,,,,,,,,,,,,,,,,,,,0.5,3.2,3.0,1.0,0.0,0.0,0.0,0.0,
CKI HOLDINGS,BMG2178K1009,,,,,,,,,,,,,,,,,,,7464392.0,8944665.0,8486783.0,8369513.0,7488261.0,7327908.0,7038127.0,6552043.0,
COSCO SHIPPING PORTS,BMG2442N1048,,,,,,,,,,,,,,,36756.0,59603.0,60675.0,519459.0,53163.0,45909.0,104482.0,83558.0,85837.0,84895.0,78497.0,76919.0,
DFI RETAIL GROUP HOLDINGS,BMG2624N1535,,,,,,,,,,,,,,,,,,,,,,,350000.0,236000.0,236000.0,239000.0,
HOPSON DEVELOPMENT HOLDINGS,BMG4600H1198,,,,,,,,,,,,,,,,,,,5061.01,2108.0,1430.0,1438.0,1299.0,1027.0,3001.0,2981.0,
HUABAO INTL.HDG.,BMG4639H1227,,,,,,,,,,,,,,,,,,,,51717.8,45754.1,35588.6,10220.0,7020.0,7065.0,14733.0,
JARDINE MATHESON HDG.,BMG507361001,,,,,,,,,,,,,,,,,,,,,,,4394700.0,4839300.0,4992100.0,5028700.0,
KERRY PROPERTIES,BMG524401079,,,,,,,,,,,,,1726.0,1534.0,2203.0,3636.0,7367.0,5370.0,2896.0,5359.0,11180.0,6631.0,4360.0,4230.0,4867.0,5094.0,
KUNLUN ENERGY,BMG5320C1082,,,,,,,,,,,,,,,,,,,,,,470667.0,480112.0,460708.0,373839.0,489665.0,
CTF SERVICES,BMG668971101,,,,,,,,,,,,,,,,389294.9,381745.9,399180.0,,,,19565.0,24272.0,19007.0,32918.0,28284.0,26131.0
ORIENT OVERSEAS (INTL.),BMG677491539,,,,,,,,,,,,,5858430.0,5871310.0,5285450.0,4903190.0,5375230.0,5350920.0,5811600.0,5645570.0,5558670.0,5538510.0,5544130.0,5815100.0,6277700.0,6922800.0,
PACIFIC BASIN SHIP.,BMG684371393,,,,,,,,,,,,,616300.0,528300.0,705100.0,902000.0,1043000.0,1028000.0,1313000.0,1412000.0,1427000.0,1477000.0,3406000.0,2592000.0,2870000.0,3156000.0,
SHANGRI-LA ASIA,BMG8063F1068,,,,,,,,,,,127834.8,149829.7,,151813.0,,,,,,,,,,107000.0,150000.0,150000.0,
SINOFERT HOLDINGS,BMG8403G1033,,,,,,,,,,,,,,,,,,,,,1584918.0,1001131.0,1390803.0,1484747.0,1671996.0,1740170.58,
YUE YUEN INDL.HDG.,BMG988031446,,,,,,,,,,,,,,,,,122800.0,215600.0,246616.0,48600.0,27000.0,18000.0,14000.0,50000.0,45000.0,71000.0,
CHINA UNICOM (HONG KONG),HK0000049939,,,,,,,,,,,,,,,,,,,,370000.0,390000.0,200000.0,530000.0,140000.0,100000.0,110000.0,
CHINA TAIPING INSURANCE HLDGS,HK0000055878,,,,,,,,,,,,,,,,,,,821.42,1160.17,25993.25,4897.72,2869.52,5616.7,10525.89,9399.67,
TELEVISION BROADCASTS,HK0000139300,,,,,,,,,,,,,,,,,,,,777.83,766.02,673.64,574.74,555.38,463.06,364.07,
SHOUCHENG HOLDINGS,HK0000592854,"$$ER: 0904,NO DATA AVAILABLE",,,,,,,,,,,,,,,,,,,,,,,,,,
NEW WORLD DEVELOPMENT COMPANY,HK0000608585,,,,,,,,,,,,,,,,,388909.0,57.0,336799.0,311061.0,32310.0,35471.0,42426.0,46006.0,8024.0,9701.0,
YUEXIU PROPERTY COMPANY,HK0000745908,,,,,,,,,,,,,,,,,,1456.83,640.9,2318.42,2631.45,3488.44,3491.21,1795.56,1932.02,6328.83,
CLP HOLDINGS,HK0002007356,,,,,,,,,,,49826000.0,41649000.0,44250000.0,38245000.0,,,,,,,,45105000.0,47690000.0,44141000.0,38163000.0,38055000.0,
HONG KONG AND CHINA GAS,HK0003000038,,,,,,,,,,,,,,332521.0,801000.0,725000.0,898000.0,834000.0,822000.0,807000.0,,1682000.0,1808000.0,1830000.0,1596000.0,1628000.0,
WHARF HOLDINGS,HK0004000045,,,,,,,,,,,,,,,,32251.0,25430.0,29708.0,28217.0,15125.0,20846.0,17024.0,17577.0,16346.0,16654.0,16961.0,
POWER ASSETS HOLDINGS,HK0006000050,,,,,,,9940000.0,9850000.0,9080000.0,9170000.0,9150000.0,8650000.0,8631000.0,8960000.0,,,,,10642009.0,11403116.0,9681775.0,6503836.0,6981321.0,6942303.0,6875967.0,6256096.0,
PCCW,HK0008011667,,,,,,,,,,,,,,,,,,,6497.0,8925.0,6953.0,7359.0,6548.0,4336.0,5080.0,5477.64,
HANG LUNG GROUP,HK0010000088,,,,,,,,,,,,,,,489.53,2413.89,967.94,2285.31,4967.91,3062.65,6219.26,3150.93,2636.0,3942.0,4034.0,4292.0,
HANG SENG BANK DEAD - DELIST.28/01/26,HK0011000095,,,,,,,,,,31.96,62.1,46.38,20.93,0.0,0.0,0.0,,54.4,64.45,192.2,193.87,144.52,70.16,100.58,137.87,116.55,
HENDERSON LD.DEV.,HK0012000102,,,,,,,,,,,,,,,,,846.0,,852.0,837.0,811.0,892.0,7061.0,5137.0,19434.0,13137.0,
HYSAN DEVELOPMENT,HK0014000126,,,,,,,,,,,,,,,,,,,,30.0,42.0,23.0,548.0,789.0,1754.0,1051.0,
SUN HUNG KAI PROPERTIES,HK0016000132,,,,,,,,,,,,,,,,3621.0,5791.0,62175.0,59227.0,62405.0,,42750.0,37885.0,45202.0,20180.0,20335.0,51892.0
SWIRE PACIFIC 'A',HK0019000162,,,,,,,,5788000.0,14510000.0,14830000.0,14330000.0,15708876.0,16394997.0,16280465.0,16079793.0,17065098.0,17740000.0,17938000.0,18461000.0,18659000.0,18668000.0,226000.0,171000.0,120000.0,110000.0,79000.0,
BANK OF EAST ASIA,HK0023000190,,,,,,,,,,,,,,,,,,1758.34,1897.11,2256.22,6046.85,3471.32,5750.62,2807.42,3288.88,2254.0,
MTR,HK0066009694,,,,,,,14335.0,6135.0,2149.0,21775.0,39446.0,37808.0,39543.0,53568.0,51955.0,59520.0,52796.0,53907.0,55143.0,50460.0,52672.0,47236.0,47999.0,49239.0,50366.0,60554.0,
SINO LAND,HK0083000502,,,,,,,,,,,,,,,,,,684.6,5559.43,514.4,605.9,4045.1,2906.5,3735.5,3541.5,3864.8,3055.3
HANG LUNG PROPERTIES,HK0101000591,,,,,,,,,,,,,,,,,,,,,,,2636.0,3942.0,4034.0,4292.0,
CHINA MERCHANTS PORT HOLDINGS,HK0144000764,,,,,,,,,,,,,,,,,,,26601.0,22436.0,34303.0,53880.49,61898.33,70584.0,62802.0,63676.26,
CHINA EVERBRIGHT,HK0165000859,,,,,,,,,,,,,,,,,,87.0,67.1,74.1,81.1,89.1,25.2,7.9,8.5,10.0,
MELCO INTL.DEV.,HK0200030994,,,,,,,,,,,,,,,115.15,118.42,114.15,15661.0,17309.0,21618.0,30374.0,16331.0,14842.0,17152.0,20392.0,28217.0,
SHUN TAK HOLDINGS,HK0242001243,,,,,,,,,,,,,,,,391473.0,458159.0,450871.0,449511.0,423311.0,335694.0,32002.0,5950.0,4942.0,116668.0,123514.0,
GUANGDONG INVESTMENT,HK0270001396,,,,,,,,,,,,,,,,,,,,,,3126916.51,3035668.3,2661207.32,2965066.16,2833471.11,
CHINA RESOURCES BEER HOLDINGS,HK0291001490,,,,,,,,,,,,,,,,,,475000.0,375000.0,253000.0,195000.0,147000.0,228000.0,202000.0,176549.69,167000.0,
CATHAY PACIFIC AIRWAYS,HK0293001514,,,,,,9700000.0,10200000.0,12253825.0,,14411222.0,13882506.0,15400418.0,16286705.0,16013724.0,15913517.0,16654795.0,17368305.0,17200000.0,17996912.0,18405994.0,18429615.0,7534910.0,6020691.0,5349881.0,11574068.0,14083146.0,
CTII.INTL.INV.HK.,HK0308001558,,,,,,,,,,,,,,,,,,,20420.22,31417.46,30356.87,9049.94,15023.52,11778.23,26228.86,27882.6,
SHANGHAI INDUSTRIAL HOLDINGS,HK0363006039,,,,,,,,,,,,,,,,,,,6870.0,6064.0,17489.0,11409.0,106612.0,238468.21,428238.27,389874.72,
HONG KONG EXCHANGES AND CLEARING,HK0388045442,,,,,,,,,,26.0,1124.0,432.0,1101.0,1016.0,116.0,36.0,52.0,38.0,85.0,38.0,33.0,166.0,102.0,307.0,288.0,60.0,
BEIJING ENTERPRISES HOLDINGS,HK0392044647,,,,,,,,,,,,,,,,,,,,,692854.63,709107.1,449276.1,596288.9,707629.6,705333.74,
DAH SING FINANCIAL HDG.,HK0440001847,,,,,,,,,,,,,,,,,,,,,,,13.0,94.0,96.0,96.0,
CHINA OVERSEAS LAND INVESTMENT,HK0688002218,,,,,,,,,,,,,,,,,,1906.0,1773.0,25589.0,43425.0,21960.0,30199.0,25213.0,10376.0,8162.0,
LINK REAL ESTATE INVESTMENT TRUST,HK0823032773,,,,,,,,,,,,,,,0.0,0.0,,,,,2730.0,3342.0,3061.0,7634.0,14268.0,8712.0,7594.0
CHINA RESOURCES POWER,HK0836012952,,,,,,,,,,,,,,,,,,,,,,,153036900.0,152569700.0,139392600.0,146391900.0,
CHIN.PWR.INTDVT.,HK2380027329,,,,,,,,,,,,,,,,,,,,,,46957000.0,53691340.0,61730728.0,48805239.0,49876065.0,
BOC HONG KONG HOLDINGS,HK2388011192,,,,,,,,,,,,,,,,,280.0,277.0,324.0,333.0,350.0,629.0,577.0,575.0,548.0,517.0,
SEAGATE TECHNOLOGY HOLDINGS,IE00BKVD2N49,,,,,,,,,,36840.0,46216.0,355608.0,327155.0,402893.0,318124.0,317756.0,302387.0,281108.0,298744.0,262343.0,281786.0,309996.0,355206.0,326718.0,279920.0,274114.0,
NIPPON BUILDING FUND,JP3027670003,,,,,,,,,,,,,,,,,13884.0,7371.0,8218.0,7701.0,13858.0,12902.0,11756.0,4819.0,4354.0,3897.0,
JAPAN REAL ESTATE INV.,JP3027680002,,,,,,,,,,,,,,,6348.0,5895.0,6154.0,6767.0,6504.0,,3208.0,3208.0,3304.0,3011.0,2785.0,2659.0,2627.0
JAPAN METROPOLITAN FUND INVESTMENT REIT,JP3039710003,,,,,,,,,,,,,,,,,,,,,,6238.0,5608.0,5135.0,5542.0,5302.0,
JAPAN PRIME REALTY INV.,JP3040890000,,,,,,,,,,,,,,,,,,3973.0,3213.0,3228.0,1331.0,1293.0,1212.0,1233.0,1440.0,,
AISIN,JP3102000001,,,,,,,,,,,,,,,,,,,,,790000.0,630904.0,577100.0,602011.0,533137.0,525133.0,498805.0
ACOM,JP3108600002,,,,,,,,,,,,,,,,,,,,,,0.0,0.0,0.0,1193.0,1313.0,1317.0
ASAHI KASEI,JP3111200006,,,,,,,,,,,4904598.0,,,,,,,,2840000.0,3100000.0,3180000.0,2961401.0,2906814.0,3080947.0,2853917.0,2386214.0,
AGC,JP3112000009,,,,,,,,,,,8020000.0,,9220000.0,5480000.0,5270000.0,5320000.0,4930000.0,5290000.0,5074000.0,5300000.0,6200000.0,6469000.0,6880000.0,5968000.0,5852000.0,5781404.0,
ASAHI GROUP HOLDINGS,JP3116000005,,,,,,,,,,,241791.0,235300.0,258000.0,262000.0,,362581.0,360934.0,366914.0,360681.0,463000.0,492000.0,463000.0,494000.0,492000.0,476000.0,462681.0,
ASICS,JP3118000003,,,,,,,,,,2344.0,2286.0,2231.0,5563.0,6116.0,6010.0,6236.0,5664.0,4835.0,4461.0,4002.0,3848.0,2873.0,3082.0,3034.0,3116.0,3262.0,
AJINOMOTO,JP3119600009,,,,,,,,,,,1500000.0,1387000.0,1403000.0,1430000.0,1334000.0,1283000.0,1167816.0,1251654.0,1270429.0,1244676.0,1196969.0,1013315.0,1008811.0,1005363.0,973780.0,767084.0,675022.0
ADVANTEST,JP3122400009,,,,,,,,,,,,1896.0,1816.1,3001.31,2954.02,4093.0,3755.0,3880.0,3824.0,3811.0,4680.0,4480.0,3810.0,3750.0,3450.0,2480.0,
AMADA,JP3122800000,,,,,,,,,,,,,,,,,,,,,,9844.0,8330.0,8069.0,7230.0,6750.0,
ARIAKE JAPAN,JP3125800007,"$$ER: 0904,NO DATA AVAILABLE",,,,,,,,,,,,,,,,,,,,,,,,,,
ALFRESA HOLDINGS,JP3126340003,,,,,,,,,,,,,,,,,,,40854.0,38750.0,36059.0,32912.0,35109.0,33101.0,32399.0,32904.0,31360.0
ALPS ALPINE,JP3126400005,,,,,,,,,,,,11061.0,,8496.0,9074.0,,,,,,19525.0,44174.0,31985.0,43973.0,16770.0,13617.0,13981.0
AEON FINANCIAL SERVICE,JP3131400008,,,,,,,,,,,,,,,,,,,,,,,2598.0,3332.0,2783.0,2548.0,
AEON MALL DEAD - DELIST.27/06/25,JP3131430005,,,,,,,,,,,,,,,,,,,13731.0,15977.0,15271.0,13840.0,14627.0,16721.0,14293.0,,
IHI,JP3134800006,,,,,,,,,,,,,,,76028.0,,,,,,80032.0,64724.0,58517.0,64270.0,61469.0,65033.0,
ISUZU MOTORS,JP3137200006,,,,,,,,,,,,,,,,,,,,,127933.0,126547.0,114195.0,128074.0,196182.0,182536.0,172302.0
ITO EN,JP3143000002,,,,,,,,,,,,,,,,,,,,,33000.0,24000.0,33000.0,32000.0,30000.0,41000.0,
ITOCHU,JP3143600009,,,,,,,,,,,,,,,,,,74962.0,86536.0,1540041.0,1213395.0,1202508.0,1522339.0,1484602.0,1166000.0,1062488.0,1086653.0
ITOCHU TECHNO-SOLUTIONS DEAD - DELIST.01/12/23,JP3143900003,,,,,,,,,,,,,,,,,,,,1149.0,1011.0,,,262.0,345.0,,
IBIDEN,JP3148800000,,,,,,,,,,,,246000.0,283000.0,237000.0,182000.0,147000.0,124000.0,127000.0,134000.0,134000.0,144000.0,142000.0,155000.0,183000.0,177000.0,163000.0,
ABC-MART,JP3152740001,,,,,,,,,,,,,,,,,,,,,,,,,,122.0,
USHIO,JP3156400008,,,,,,,,,,,,,,,,,3027.0,3543.0,3810.0,4083.0,3993.0,4006.0,3674.0,4260.0,3982.0,3478.0,3446.0
UBE,JP3158800007,,,,,,,,1662000.0,,,,10200000.0,,,,,,11530000.0,11320000.0,11330000.0,11250000.0,11400000.0,10690000.0,3790000.0,3390000.0,3140000.0,
EISAI,JP3160400002,,,,,,,,,,,,,,,,,37519.0,29698.0,41154.0,42748.0,45452.0,49457.0,45009.0,46534.0,47507.0,48586.0,
SMC,JP3162600005,,,,,,,,,,,,,,,,,,,,,,50907.0,52930.0,63006.0,63646.0,53632.0,
SQUARE ENIX HOLDINGS,JP3164630000,,,,,,,,,,,,,,,,,,,,,,0.0,0.0,0.0,0.0,0.0,
RENESAS ELECTRONICS,JP3164720009,,,,,,,676000.0,686000.0,706000.0,686000.0,631000.0,331000.0,,,,,,,53.0,221166.0,183359.0,172427.0,198116.0,196261.0,156403.0,125385.0,
NOK,JP3164800009,,,,,,,,,,,,47940.0,37200.0,48760.0,44673.0,,,,,8000.0,46000.0,43000.0,38000.0,41000.0,39000.0,36000.0,
NTN,JP3165600002,,,,,,,245223.0,270000.0,,,,69083.0,93731.19,,103762.0,,103640.0,97263.0,96734.0,102666.0,105284.0,93000.0,86000.0,106000.0,101000.0,91000.0,
NTT DATA GROUP DEAD - DELIST.26/09/25,JP3165700000,,,,,,,,,20000.0,6000.0,6000.0,6000.0,4986.0,5877.0,5907.0,8764.0,6072.0,6073.0,10547.0,8802.0,8851.0,9057.0,7241.0,24495.0,50848.0,39507.0,
EBARA,JP3166000004,,,,,,,,,,,,17206.0,,,,9888.0,10543.0,,,,,179000.0,204000.0,152000.0,86000.0,71000.0,
LEOPALACE21,JP3167500002,,,,,,,,,,,,,,,,,,18900.0,16469.0,15696.0,14730.0,52.18,3473.0,3284.0,3135.0,6247.0,
OKUMA,JP3172100004,,,,,,,,,,,,,,,,,,,,,6800.0,6500.0,5000.0,7700.0,8600.0,7300.0,
OBIC,JP3173400007,,,,,,,,,,,,,,,,,,,,307.0,282.0,300.0,166.0,156.0,217.0,218.0,
OJI HOLDINGS,JP3174410005,,,,,,,6352000.0,5884000.0,5353000.0,5279000.0,4934000.0,,,,,5744000.0,6191000.0,6364000.0,6587000.0,6595000.0,6394000.0,6323000.0,6267000.0,6398000.0,6399000.0,5890000.0,5791000.0
OSAKA GAS,JP3180400008,,,,,,,,,,,1986540.0,2768333.0,3599582.0,,,4003000.0,3916764.0,3857405.0,4089712.0,4888261.0,5051823.0,4659553.0,5215428.0,4526038.0,4405987.0,4441258.0,4439629.0
OTSUKA HOLDINGS,JP3188220002,,,,,,,,,,,,,,,,,,,,,,368555.0,362336.0,333153.0,327309.0,368733.0,
OBAYASHI,JP3190000004,,,,,,,,175491.0,,,,114900.0,135000.0,135000.0,148500.0,145500.0,159500.0,163600.0,135600.0,151300.0,127600.0,258800.0,221200.0,146656.0,283753.0,219729.0,
OKI ELECTRIC IND.,JP3194000000,,,,,,,389000.0,310000.0,,,,,,,11600.0,12100.0,12000.0,11000.0,16000.0,15300.0,10300.0,9650.0,9750.0,9730.0,8500.0,8100.0,
ODAKYU ELECTRIC RY.,JP3196000008,,,,,,,,,,,,,,,,,,,,,,,80000.0,80000.0,75795.0,73856.0,
ONO PHARM.,JP3197600004,,,,,,,,,,,,,,,21700.0,,,,,8500.0,9500.0,10100.0,10100.0,9830.0,8200.0,6700.0,
OMRON,JP3197800000,,,,,,94247.0,125690.0,,,,,66692.0,,51203.0,37039.0,48457.0,62636.0,72485.0,50873.0,67851.0,43826.0,34394.0,20047.0,13749.0,4177.0,3727.0,
ORIENTAL LAND,JP3198900007,,,,,,,,,,,,,,,,,,,60000.0,60000.0,62000.0,52000.0,46000.0,48000.0,74866.0,71424.0,63988.0
ORIX,JP3200450009,,,,,,,,,,,251900.0,,,231852.0,287405.0,287405.0,236214.0,235780.0,225599.0,235249.0,907345.0,1138566.0,987771.0,1044892.0,981519.0,991233.0,942714.0
OLYMPUS,JP3201200007,,,,,,,,,,,,35031.0,88215.0,26266.0,24307.0,19849.0,13583.0,13564.0,26851.0,30124.0,27557.0,27893.0,28427.0,30185.0,28935.0,25365.0,24120.0
ONWARD HOLDINGS,JP3203500008,,,,,,,,,,,,,,,,,,,,,,2187.0,1182.0,1553.0,1233.0,1187.0,
KAO,JP3205800000,,,,,,,,,608500.0,,,641400.0,664800.0,668200.0,629000.0,657000.0,667000.0,649000.0,653000.0,652000.0,644000.0,616000.0,605000.0,595000.0,539000.0,503000.0,
CASIO COMPUTER,JP3209000003,,,,,,,,,,,,24916.0,,3709.9,2743.3,6043.2,5729.3,5483.1,5619.2,5670.1,5268.0,4572.0,3618.5,3477.1,3384.8,3556.9,
KAJIMA,JP3210200006,,,,,,,,217768.0,322874.0,301000.0,312000.0,165000.0,136000.0,161276.0,159000.0,173000.0,204000.0,204000.0,185000.0,190000.0,205000.0,170000.0,124000.0,245000.0,291000.0,271000.0,283000.0
KANEKA,JP3215800008,,,,,,,1440000.0,1135000.0,,,,,,,,,,,,,,966000.0,933000.0,912000.0,791000.0,851000.0,
CAPCOM,JP3218900003,"$$ER: 0904,NO DATA AVAILABLE",,,,,,,,,,,,,,,,,,,,,,,,,,
KAMIGUMI,JP3219000001,,,,,,,,,,,,,,,,,,,,,,,32055.91,32969.12,31356.45,32076.58,31655.96
KAWASAKI KISEN KAISHA,JP3223800008,,,,,,,11462527.0,12027651.0,13238804.0,14150040.0,,,,,12351608.0,,,13267268.0,12971192.0,13417625.0,12536134.0,10325224.0,9202613.0,6583464.0,6649847.0,6550995.0,
KAWASAKI HEAVY INDUSTRY,JP3224200000,,,,,,277780.0,285652.0,292902.0,314073.0,312567.0,160734.0,110942.0,,142755.0,138485.0,,,176000.0,179000.0,176000.0,162000.0,168956.0,139502.0,134855.0,136736.0,135163.0,142390.0
KANSAI ELECTRIC PWR.,JP3228600007,,,,36840000.0,36840000.0,,,,,,51730000.0,,,,,,45710000.0,41800000.0,39490000.0,32814000.0,28657000.0,26632000.0,28572000.0,23771000.0,23048000.0,19878000.0,
KANSAI PAINT,JP3229400001,,,,,,,,,,47700.0,,,,,,,,,,,,,15339.0,70633.0,70185.0,67818.0,
KEYENCE,JP3236200006,"$$ER: 0904,NO DATA AVAILABLE",,,,,,,,,,,,,,,,,,,,,,,,,,
KIKKOMAN,JP3240400006,,,,,,,,,,,,,,,,,,,,,,,110900.0,112300.0,107700.0,99900.0,
CANON,JP3242800005,,,,675000.0,,1528000.0,854000.0,950000.0,,,,,184630.0,145283.0,128068.0,176894.0,169974.0,164769.0,174342.0,160520.0,151504.0,122514.0,142655.0,159899.0,161639.0,197992.0,
CANON MARKETING JAPAN,JP3243600008,,,,,,,,,,,,,,,,,8490.0,8339.0,8339.0,7864.0,7275.0,5765.0,5800.0,6017.0,5665.0,5451.0,
KYUSHU ELEC.POWER,JP3246400000,,,,,,,9000.0,1100000.0,,,,,,,,,,27500000.0,27500000.0,26400000.0,17560000.0,19040000.0,22110000.0,17490000.0,23690000.0,17790000.0,17390000.0
KYOCERA,JP3249600002,,,,,,,,,,,,,,,,,,,133440.0,127270.0,122851.0,162899.0,128088.0,134684.0,122710.0,115672.0,
KYOWA KIRIN,JP3256000005,,,,,,684000.0,,,,,804000.0,690000.0,,,67695.0,66155.0,64706.0,64652.0,68711.0,68027.0,17244.0,17185.0,16402.0,16221.0,16780.0,16133.0,
KIRIN HOLDINGS,JP3258000003,,,,,,,,,,,934101.0,902923.0,466558.0,536692.0,,369000.0,391000.0,401000.0,371897.0,377216.0,377000.0,357000.0,353000.0,361479.0,353404.0,,
KINTETSU GROUP HDG.,JP3260800002,,,,,,,,,,,,33249.0,,36559.0,36613.0,,,,58191.0,59772.0,57884.0,53285.0,46881.0,40141.0,77233.0,126730.0,
KINDEN,JP3263000006,,,,,,,,,,,,,,,,,,,,,,,16969.0,17081.0,15121.0,15233.0,14925.0
KUBOTA,JP3266400005,,,,,,,293000.0,321000.0,,,,272000.0,249200.0,462280.0,292000.0,325000.0,363000.0,313000.0,299000.0,316000.0,310000.0,291000.0,309000.0,302000.0,284000.0,243000.0,
MEDIPAL HOLDINGS,JP3268950007,,,,,,,,,,,,,,,,,,,,37319.03,36032.17,34101.88,33458.44,30700.0,28439.0,31081.0,
KURARAY,JP3269600007,,,,,,,1161000.0,1100000.0,,,,,,1147100.0,1078000.0,1763766.0,1173000.0,1186000.0,1224000.0,2000000.0,2060000.0,2045000.0,1973000.0,1877000.0,1748000.0,1917000.0,
KURITA WATER IND.,JP3270000007,,,,,,,12966.3,12207.41,,,,,,,,,,,29266.0,6000.0,10000.0,26000.0,14000.0,14000.0,13000.0,13000.0,
CREDIT SAISON,JP3271400008,,,,,,,,,,,,,,,,,,,,,,,1023.0,388.0,342.0,643.0,822.0
GLORY,JP3274400005,,,,,,,,,,,,,,,,,,,1046.0,1059.0,3110.0,3016.0,2816.0,2744.0,18069.0,18105.0,
GUNMA BANK,JP3276400003,,,,,,,,,,,,,,,,,,,,,1618.0,1679.0,1526.0,1609.0,1544.0,1382.0,
KEIO,JP3277800003,,,,,,,,,,,,,,,,,,,,,,100889.0,,83990.0,84203.0,88705.0,79347.0
KEISEI ELEC.RAILWAY,JP3278600006,"$$ER: 0904,NO DATA AVAILABLE",,,,,,,,,,,,,,,,,,,,,,,,,,
KEIKYU,JP3280200001,,,,,,,,,,,,,,,,,,,,,,90657.0,67847.0,64226.0,65824.0,64124.0,
KOSE HOLDINGS,JP3283650004,,,,,,,,,,,,,,,,,,,,8554.1,7793.7,7276.0,7270.0,6405.84,5991.2,5509.9,
KOBE STEEL,JP3289800009,,,,,,,,,,,,16437800.0,17984000.0,17213000.0,16243000.0,,,,17500000.0,17700000.0,16400000.0,15600000.0,14500000.0,15300000.0,14700000.0,14700000.0,14230412.0
JTEKT,JP3292200007,,,,,,,,,,,,,,,,,,,,,,106000.0,99000.0,115000.0,106900.0,106000.0,
COCA-COLA BOTTLERS JAPAN HOLDINGS,JP3293200006,,,,,,,,,,,,,,98957.0,,,,,378273.0,224332.0,191551.0,188330.0,188371.0,190313.0,192795.0,186383.0,
INPEX,JP3294460005,,,,,,,,,,,,425100.0,396091.0,466568.0,485041.0,608334.0,550454.0,733100.0,377426.0,584309.0,8887000.0,7630000.0,6658000.0,6339000.0,6622000.0,6614000.0,
KONAMI GROUP,JP3300200007,,,,,,,,,,,,,,,,,,,,,,,35565.0,35986.0,36877.0,34432.0,
KONICA MINOLTA,JP3300600008,,,,,,,,132181.0,,346000.0,455900.0,103210.0,,,171677.0,164000.0,171425.0,167360.0,162195.0,175266.0,169835.0,166845.0,147379.0,158938.0,151422.0,147677.0,
KOMATSU,JP3304200003,,,,,,,,183228.0,,,152000.0,93625.0,167900.0,147696.0,123754.0,111200.0,104900.0,90800.0,92000.0,116200.0,114400.0,128000.0,104100.0,123000.0,128000.0,108000.0,94000.0
COMSYS HOLDINGS,JP3305530002,,,,,,,,,,,,,,,,,,,,,,,90000.0,95000.0,84000.0,65000.0,
KOMORI,JP3305800009,,,,,,,,,,,,,,,,,,,,,,,4835.0,5003.0,4883.0,4548.0,
YOKOHAMA FINANCIAL GROUP,JP3305990008,,,,,,,,,,,,,,,,,,825.0,818.0,783.0,958.0,975.0,912.0,848.0,843.0,782.0,885.0
SAPPORO HOLDINGS,JP3320800000,,,,,,,,,,,118713.0,115294.0,119453.62,,,,,,,,,,,,,,
SUMCO,JP3322930003,,,,,,,,,,,,,,,,,21000.0,22000.0,23000.0,25000.0,26000.0,25000.0,27000.0,28000.0,86000.0,87000.0,
SANKYO,JP3326410002,,,,,,,,,,,,,,,,,,,,1338.0,1198.0,1102.0,998.0,973.0,959.0,935.0,
SANTEN PHARM.,JP3336000009,,,,,,,,,,,,,,,,,,,16623.0,16811.0,17018.0,15296.0,14860.0,14820.0,16948.0,17021.0,17372.0
SUNDRUG,JP3336600006,,,,,,,,,,,,,,,,,,,,,,,,,,24916.0,22197.0
SHIONOGI,JP3347200002,,,,,,,,,,,,,,,,,42876.0,,,43456.0,,,,,41376.0,,
SHIKOKU ELECTRIC POWER,JP3350800003,,,,,,,,,,,9370000.0,,,,,,,,,,,7390000.0,8540000.0,9660000.0,8090000.0,7910000.0,
SYSMEX,JP3351100007,,,,,,,,,,,,,,,,,,,,3410.0,4447.0,4093.0,4034.0,4023.0,13986.0,13925.0,13449.0
SHIZUOKA FINANCIAL GROUP,JP3351500008,,,,,,,,,,,,,,,,,,,,,,1360.0,1442.0,1271.0,1177.0,1127.0,1099.0
SHISEIDO,JP3351600006,,,,,,,,,,,,21552.0,23198.0,23227.0,30202.0,26802.0,48009.0,31638.0,31332.0,27632.0,27036.0,25968.0,28744.0,23912.0,21105.0,17825.0,
77 BANK,JP3352000008,,,,,,,,,,,,,,,,,,,,,,1638.0,1600.0,1483.0,1185.0,1138.0,
CITIZEN WATCH,JP3352400000,,,,,,,,,,,,,,,,,,21088.0,22513.0,22737.0,22092.0,19763.0,16770.0,18383.0,18487.0,17201.0,
SHIMADZU,JP3357200009,,,,,,,,,21106.0,19695.0,6642.0,5846.0,4668.16,3287.0,,,4000.0,4000.0,3000.0,4000.0,4000.0,3000.0,2000.0,2243.0,2330.0,2624.0,
SHIMANO,JP3358000002,,,,,,,,,,,,,,,,,,,,,10379.0,18465.0,21764.0,18148.0,10356.0,9900.0,
SHIMAMURA,JP3358200008,,,,,,,,,,,,,,,,,1458.0,1006.0,868.0,730.0,653.0,561.0,561.0,764.0,775.0,744.0,
SHIMIZU,JP3358800005,,,,,,,,,,,,164731.0,195816.0,,221457.0,,,,,,234209.0,191440.0,153344.0,197818.0,153596.0,222395.0,214168.0
SHARP,JP3359600008,,,,,,,,,1412466.0,1803101.0,1733006.0,405965.0,380000.0,308000.0,265000.0,361000.0,191000.0,153000.0,149000.0,264000.0,265000.0,252000.0,270000.0,279000.0,331000.0,290000.0,260000.0
MITSUI OSK LINES,JP3362700001,,,,,,,,,,,,18708290.0,20073240.0,18627000.0,19053000.0,18860000.0,18803000.0,18676000.0,18203000.0,17774000.0,12199000.0,11136501.0,9831022.0,10740429.0,10858677.0,10779837.0,
RESONAC HOLDINGS,JP3368000000,,,,,,,,,,,,,,,3079000.0,3104000.0,3130000.0,3184000.0,3115000.0,3156000.0,3562000.0,3408000.0,3481000.0,3387000.0,3292000.0,3300000.0,
SHIN-ETSU CHEMICAL,JP3371200001,,,,,,,,,1264151.0,1247510.0,1130020.0,1139046.0,1213398.0,1397314.0,1390679.0,1218402.0,1401137.0,1593000.0,1650000.0,1734000.0,1696000.0,1890000.0,2111000.0,2077000.0,2246000.0,2242000.0,2326000.0
SHINKO ELEC.INDS. DEAD - DELIST.06/06/25,JP3375800004,,,,,,,,,,,,,,,30546.0,32442.0,38660.0,37660.0,35769.8,37550.8,38472.0,38556.0,45131.0,48076.0,44135.0,45737.0,
NIPPON STEEL,JP3381000003,,,,,,,,,,,,,,,,,,89000000.0,89000000.0,86000000.0,81337000.0,78693000.0,63170000.0,71311000.0,63403000.0,64020000.0,63672000.0
GS YUASA,JP3385820000,,,,,,,,,,,13190.0,14510.0,17627.0,18505.0,14898.0,15333.0,21924.0,,22914.0,23165.0,73273.0,66181.0,63867.0,67085.0,64841.0,57838.0,58153.0
J S R DEAD - DELIST.25/06/24,JP3385980002,,,,,,,,,825000.0,,,,,388000.0,,,430136.0,411785.0,431489.0,418037.0,440000.0,408000.0,399000.0,357000.0,34000.0,,
JFE HOLDINGS,JP3386030005,,,,,,,,,,,,,,,,,,54700000.0,55000000.0,54900000.0,52300000.0,52900000.0,46600000.0,51900000.0,49000000.0,47400000.0,
AEON,JP3388200002,,,,,,,,1048924.0,,,,,,256645.0,,,,,,217530.0,209800.0,215000.0,216000.0,201000.0,,,
JAFCO GROUP,JP3389900006,,,,,,,,,,,,,,,,,,,,9.1,9.3,6.1,3.0,4.2,11.2,12.2,
SKY PERFECT JSAT HDG.,JP3396350005,,,,,,,,,,,,,,,,,,,,,,,,10.0,51.0,47.0,31.0
SUZUKI MOTOR,JP3397200001,,,,,,,,,,,,,,,,180000.0,630000.0,550000.0,610000.0,650000.0,620000.0,530000.0,380000.0,400000.0,420000.0,410000.0,410000.0
SUZUKEN,JP3398000004,,,,,,,,,,,,,,,,,,,,,,,36692.0,35613.0,27789.0,26491.0,26205.0
STANLEY ELECTRIC,JP3399400005,"$$ER: 0904,NO DATA AVAILABLE",,,,,,,,,,,,,,,,,,,,,,,,,,
SUMITOMO OSAKA CEMENT,JP3400900001,,,,,,,,,,,,,,,,,,,9150000.0,9390000.0,9280000.0,9050000.0,8700000.0,8810000.0,8230000.0,7540000.0,7307000.0
SUMITOMO CHEMICAL,JP3401400001,,,,,,3922000.0,4774000.0,4644000.0,4728000.0,4680000.0,4659000.0,4533000.0,6630000.0,,,2397000.0,2403000.0,1437000.0,1294000.0,6678000.0,6065000.0,6169000.0,6346000.0,6592000.0,5673000.0,4262000.0,4836000.0
SUMITOMO METAL MINING,JP3402600005,,,,,,,,,1441000.0,,,1220000.0,1199000.0,1342000.0,1308730.0,1594000.0,2330000.0,2085000.0,1785000.0,1858000.0,1839000.0,1943000.0,1877000.0,1786000.0,1965000.0,1830000.0,
SUMITOMO RUBBER INDS.,JP3404200002,,,,,,,,,,,,,,,,,,,,400000.0,404000.0,367000.0,398000.0,377000.0,,,
SUMITOMO,JP3404600003,,,,,,,,,,,,,,,,,,,64859.0,934276.0,939346.0,792000.0,1527000.0,1621000.0,1528000.0,4530000.0,6666000.0
SUMITOMO HEAVY INDS.,JP3405400007,,,,,,,,,,21700.0,21000.0,15800.0,,,,,,,,36252.29,37674.0,39765.0,36572.0,38419.0,36272.0,31601.0,
OSAKA TITANIUM,JP3407200009,,,,,,,,,,,,,,,,,,,,,,64000.0,43000.0,37719.0,51959.0,54605.0,55179.0
SUMITOMO ELECTRIC IND.,JP3407400005,,,,,,,,,,,,207000.0,225000.0,186800.0,193243.0,,,,,,,333000.0,327000.0,343000.0,305000.0,288000.0,
SUMITOMO REAL.&DEV.,JP3409000001,,,,,,,,,,,,,,,,,,,,17487.0,18916.0,42445.0,41447.0,44000.0,44000.0,43000.0,
SURUGA BANK,JP3411000007,,,,,,,,,,,,,,,,,,,,,,,164.0,150.0,152.0,166.0,
SEIKO EPSON,JP3414750004,,,,,,833945.0,,,,,,,,,181855.0,107892.0,116061.0,116826.0,132885.0,136734.0,127737.0,122263.0,124929.0,124724.0,159196.0,126195.0,
SEINO HDG.,JP3415400005,,,,,,,,,,,,,,,,,,,,,418565.0,403767.0,397519.0,396730.0,378524.0,371364.0,
SEGA SAMMY HDG.,JP3419050004,,,,,,,,,,,,,,,,13958.0,13485.0,10658.0,8613.0,8712.0,7199.0,5782.0,6093.0,7049.0,6620.0,5801.0,1046.0
SEKISUI CHEMICAL,JP3419400001,,,,,,,,,,195936.0,182218.0,178910.0,396490.0,178832.0,155323.2,,,140210.0,,,203000.0,212000.0,203000.0,220000.0,187000.0,183000.0,184000.0
SEKISUI HOUSE,JP3420600003,,,,,,,,,,234720.0,,114633.0,122977.0,113490.0,71144.65,,80000.0,86000.0,80000.0,77000.0,73000.0,71000.0,86000.0,52917.0,55483.0,50371.0,42919.0
JAPAN PETROLEUM EXP.,JP3421100003,,,,,,,,,,,,276439.0,256768.0,220687.0,221286.0,198164.0,190835.0,177942.0,190581.0,526043.0,714223.0,771882.0,741000.0,554000.0,217000.0,217000.0,184000.0
SECOM,JP3421800008,,,,,,,,,,,,,,,,,,,56050.0,55408.15,63404.94,68472.86,60908.8,58832.48,56405.3,53858.45,
CENTRAL GLASS,JP3425000001,,,,,,,,,,,,,,,,,,,,,,394000.0,371224.0,345641.0,214388.0,234778.0,208575.0
ANA HOLDINGS,JP3429800000,,,,,,7000000.0,6700000.0,6700000.0,8109000.0,8440000.0,8153000.0,7590000.0,7990000.0,8390000.0,9110000.0,9480000.0,10209000.0,10653000.0,11180000.0,11520000.0,11470000.0,12373420.0,5414000.0,7695000.0,9354000.0,10579000.0,11279000.0
SONY GROUP,JP3435000009,,,,807854.0,737162.0,716899.0,717045.0,677866.0,545057.0,525791.0,464753.0,370050.0,361183.0,353459.0,301221.0,304244.0,289420.0,299975.0,267288.0,234291.0,187000.0,188000.0,203000.0,211000.0,230000.0,241000.0,235000.0
SOFTBANK GROUP,JP3436100006,,,,,,,,,,,,,,,,,,,,11386.0,11456.0,15803.0,15416.0,12052.0,15127.0,7477.0,
SBI HDG.,JP3436120004,,,,,,,,,,,,,,,,,,,,14.0,108.0,107.0,85.0,1299.0,1482.0,1206.0,1071.0
TAISEI,JP3443600006,,,,,,292000.0,294000.0,,,,181974.0,166000.0,129000.0,135109.0,118100.0,163000.0,124000.0,128000.0,215000.0,252000.0,284000.0,279000.0,242000.0,245000.0,217000.0,218000.0,
TAIHEIYO CEMENT,JP3449020001,,,,,,15977000.0,15326000.0,36100000.0,16466711.0,15401000.0,35566840.0,13825000.0,12802000.0,11274000.0,12349000.0,14750000.0,,,,22315000.0,22537000.0,25000000.0,24029000.0,23679000.0,20065000.0,19007000.0,19790000.0
TAIYO YUDEN,JP3452000007,,,,,,,,,,46000.0,40000.0,36000.0,37393.0,39000.0,36200.0,30218.0,33880.0,33810.0,33760.0,30240.0,34400.0,39000.0,42000.0,44000.0,42000.0,52000.0,58000.0
TAKASHIMAYA,JP3456000003,,,,,,,,,,,,,,,15545.0,,,,,,12153.0,24953.0,21055.0,20197.0,19910.0,18905.0,
TAKARA HDG.,JP3459600007,,,,,,,,,,,,,,,,,,,,,,86000.0,87286.0,84081.0,69280.0,63932.0,60336.0
TAKEDA PHARMACEUTICAL,JP3463000004,,,,,,,,,,,211753.0,147880.0,171978.0,,,,,161000.0,161000.0,160000.0,195058.0,333000.0,293000.0,316000.0,277000.0,279000.0,273000.0
DAIICHI SANKYO,JP3475350009,,,,,,,,,,,,179102.0,159291.0,124796.0,130279.0,135964.0,123960.0,119165.0,115474.0,108106.0,100503.0,93934.0,87252.0,89405.0,86006.0,85245.0,
DAIKIN INDUSTRIES,JP3481800005,,,,,,,,,,,,580645.0,443901.0,1151691.41,936958.0,,,,1010000.0,760000.0,690000.0,687000.0,550000.0,600000.0,547000.0,524000.0,514000.0
DAICEL,JP3485800001,,,,,,,,,,,,,,,,,,,,1769000.0,1736000.0,1686000.0,1645000.0,1654000.0,1713000.0,1640000.0,
DAITO TST.CONSTRUCTION,JP3486800000,,,,,,,,,,,,,,,,,39322.0,38097.0,36788.0,38442.0,38442.0,35963.0,34224.0,41747.0,33708.0,33584.0,35920.0
DAIDO STEEL,JP3491000000,,,,,,,,,,,,405872.0,,,,,,,,,,,,423000.0,367000.0,332000.0,
DIC,JP3493400000,,,,,,,77000.0,334000.0,,,,,,332466.0,,,,,,274590.25,270647.0,253064.0,292063.0,341610.0,278059.0,282856.0,
DAI NIPPON PRINTING,JP3493800001,,,,,,436857.0,436857.0,435289.0,459000.0,,,361200.0,,362400.0,327100.0,,,264000.0,263000.0,269000.0,248000.0,244000.0,327000.0,346000.0,321000.0,310000.0,323000.0
SCREEN HOLDINGS,JP3494600004,,,,,,,,,,,,,,,,,,,,,11617.0,12596.0,10614.0,11023.0,9812.0,10000.0,
SUMITOMO PHARMA,JP3495000006,,,,,,,,,82350.0,,,,,,,,,,,,,,19514.0,21398.0,27829.0,27093.0,
KDDI,JP3496400007,,,,,,,,,,,,1229.0,1034.0,2772.0,2947.0,3505.3,4680.0,5344.0,26913.0,22594.0,25511.0,25169.0,25420.0,27687.0,88383.0,28432.0,
MITSUBISHI HC CAPITAL,JP3499800005,,,,,,,,,,,,,,,,,,,,,4402.0,4277.0,3336.0,3449.0,3211.0,3092.0,
RESONA HOLDINGS,JP3500610005,,,,,,,,,32893.0,,,,,,,,,,6859.0,6263.0,6499.0,5949.0,5428.0,5208.0,5444.0,4862.0,4321.0
DAIWA SECURITIES GROUP,JP3502200003,,,,,,,,,,3597.45,3478.54,803.0,1475.0,1234.0,1179.0,917.0,831.0,1012.0,1015.0,998.0,944.0,868.0,842.0,954.0,840.0,926.0,841.0
DAIWA HOUSE INDUSTRY,JP3505000004,,,,,,,,,,,,256900.0,237873.15,202353.82,201757.4,232000.0,274000.0,283900.0,288000.0,269800.0,268700.0,274300.0,216400.0,221400.0,237900.0,684500.0,218300.0
CHIBA BANK,JP3511800009,,,,,,,,,,,,,,,,,,,,,2591.0,2493.0,2425.0,2766.0,2408.0,2614.0,2444.0
CHUGAI PHARM.,JP3519400000,,,,,,,,,,,,,,54141.0,,,,44844.0,46032.0,49488.0,48089.0,42771.0,48898.0,50265.0,47991.0,51143.0,
CHUGOKU ELEC.POWER,JP3522200009,,,,,,,39340000.0,41070000.0,,,,,,,,,,,,21260000.0,20343309.0,19106197.0,17392081.0,18499954.0,19610803.0,18050000.0,15830000.0
CHUBU ELEC.POWER,JP3526600006,,,,,,,57050000.0,51820000.0,,,55060000.0,,,,,,59200000.0,56320000.0,57980000.0,56400000.0,53128465.0,60000.0,110000.0,270000.0,290000.0,200000.0,
CHIYODA CORPORATION,JP3528600004,,,,,,,,,,,,,,,164.0,,3310.0,3364.0,1057.0,,,,52942.0,60395.0,86336.0,89218.0,
TSUMURA,JP3535800001,,,,,,,,,,,,,30057.06,33765.04,,,,,,,32061.0,36441.0,37637.0,39385.0,42972.0,42744.0,
TDK,JP3538800008,,,,,,,,,,,,,,,,,92536.0,95912.0,78795.0,127660.0,120978.0,111341.0,136021.0,146774.0,146350.0,133616.0,
T & D HOLDINGS,JP3539220008,,,,,,,,0.0,397.0,434.0,440.0,2737.0,3063.0,2517.0,2598.0,2388.0,2358.0,2315.0,1997.0,1893.0,1816.0,1746.0,1882.0,1835.0,1697.0,1651.0,1653.0
THK,JP3539250005,,,,,,,,,,,,,,,,,,,,,,,,9171.0,7816.0,,
TEIJIN,JP3544000007,,,,,,,3480000.0,2602000.0,,,,1987703.0,,,1102357.0,,900000.0,860000.0,750000.0,688000.0,712000.0,,710000.0,770000.0,750000.0,670000.0,
TERUMO,JP3546800008,,,,,,,,,,,,,,,,80900.0,77111.0,57323.0,68444.0,57953.0,57483.0,60775.0,62085.0,66667.0,67148.0,64123.0,
DENA,JP3548610009,,,,,,,,,,,,,,,,,,,,,,13.0,19.0,13.0,,498.0,556.0
DENKA,JP3549600009,,,,,,,,,,,,,,,,,1856000.0,,,,,,,1620000.0,1559000.0,1393570.0,
ELEC.POWER DEV.,JP3551200003,,,,,,,,,45360000.0,50220000.0,49380000.0,46520000.0,52540000.0,46770000.0,54090000.0,,,,,,53990000.0,53330000.0,53580000.0,47950000.0,48910000.0,44390000.0,45940000.0
DENSO,JP3551500006,,,,,,,,,,,,,,585000.0,570000.0,640000.0,620000.0,610000.0,680000.0,690000.0,675000.0,711000.0,576000.0,602000.0,566000.0,545000.0,
DENTSU GROUP,JP3551520004,,,,,,,,,,,24253.0,0.0,,1250.02,1217.0,4799.0,4482.0,5170.0,5432.0,4981.0,4888.0,3540.0,3195.0,3267.0,4501.0,3001.0,
TOKAI CARBON,JP3560800009,,,,,,,,,,,,,,,,,,38990.0,44332.0,2430000.0,2164000.0,1825000.0,2070000.0,2018000.0,1900000.0,1745000.0,
CENTRAL JAPAN RAILWAY,JP3566800003,,,,,,,,,,,76000.0,78000.0,79000.0,80000.0,80000.0,80000.0,77000.0,73000.0,71000.0,74000.0,71000.0,73000.0,71000.0,71000.0,71000.0,66000.0,93000.0
TOKYO ELECTRON,JP3571400005,,,,,,,,,,,,10451.0,35573.0,8771.0,9006.0,11151.0,20000.0,20000.0,17000.0,17000.0,24000.0,28000.0,29000.0,16000.0,22000.0,21000.0,22000.0
TOKYO GAS,JP3573000001,,,,,,,97000.0,102000.0,,1024000.0,107000.0,,2403755.0,2718000.0,,2800000.0,3077000.0,3186000.0,3712000.0,3902000.0,3588000.0,3467000.0,3927000.0,3071000.0,4394000.0,4675000.0,4132000.0
TOKYU,JP3574200006,,,,,,,,,,,,,,,,,,,,,123541.25,147932.0,138129.0,146952.0,142878.0,141254.0,
TOKYO STEEL MNFG.,JP3579800008,,,,,,,,,,,,,,,,,,,,,324567.0,303698.0,255485.0,321930.0,369454.0,377996.0,
TOKYO TATEMONO,JP3582600007,,,,,,,,,,,,,,,2672.0,3493.0,3243.0,2553.0,2402.0,3300.0,17429.0,14950.0,15802.0,18234.0,14456.0,13808.0,
TOKYO ELECTRIC POWER CO. HDG.,JP3585800000,,,,,,,,,,,,,,,,,97221600.0,91420800.0,89046000.0,84335000.0,81604000.0,191000.0,203000.0,203000.0,205000.0,211000.0,
TBS HOLDINGS,JP3588600001,,,,,,,,,,,,,,,,,,,,,,4645.0,4394.0,3867.0,18010.0,18544.0,
TOSHIBA DEAD - DELIST.20/12/23,JP3592200004,,,,,,,,1434000.0,1434000.0,,,980000.0,570197.0,822000.0,751000.0,780000.0,750000.0,810000.0,840000.0,330000.0,340000.0,320000.0,280000.0,300000.0,270000.0,,
TOSOH,JP3595200001,,,,,,,,,6600000.0,7140000.0,6920000.0,7770608.0,7860000.0,6830000.0,6790000.0,6920000.0,6740000.0,7490000.0,7630000.0,7705000.0,7797000.0,7727000.0,7588000.0,7787000.0,7645000.0,7333000.0,
TOTO,JP3596200000,,,,,,242323.0,,,,,200000.0,133721.0,,166831.0,159000.0,167000.0,171000.0,168000.0,173000.0,181000.0,179000.0,182000.0,167000.0,188000.0,168000.0,141000.0,
TOBU RAILWAY,JP3597800006,,,,,,,,,,,,,,,,,,,,,,,,,128683.0,129255.0,
TOHO,JP3598600009,,,,,,,,,,,,,,,,,,,,,7186.9,6841.5,5460.0,5534.4,6042.8,5547.8,
TOHO ZINC,JP3599000001,,,,,,,,,,,,,,,,,,,,,,,,204000.0,200000.0,,
TOHO GAS,JP3600200004,,,,,,,,,,,,,,,,,,,,66998.0,66549.0,62353.0,70269.0,94542.0,83749.0,52077.0,55368.0
TOHOKU ELECTRIC PWR.,JP3605400005,,,,,,35228390.0,33908840.0,40838650.0,,,,,,,,,,,,32800000.0,31900000.0,30600000.0,31140000.0,32815000.0,31069000.0,33760000.0,
TOYO SUISAN KAISHA,JP3613000003,,,,,,,,,,,,,,,,,,,,,168400.0,167600.0,166300.0,166300.0,182900.0,167000.0,
TOYO SEIKAN GROUP HDG.,JP3613400005,,,,,,,,1772000.0,,1637000.0,1644000.0,712461.0,195000.0,187000.0,179000.0,555000.0,538000.0,529000.0,507000.0,467000.0,449000.0,436000.0,388000.0,399000.0,389000.0,370000.0,
TOYOBO,JP3619800000,,,,,,,,,,,,643200.0,,694279.0,700341.0,,,,692000.0,733000.0,709000.0,699000.0,718000.0,720000.0,712000.0,659170.0,
TORAY INDS.,JP3621000003,,,,,,,,,,,,2857754.0,,3142752.0,3168024.0,,,3380000.0,3330000.0,3210000.0,3310000.0,3280000.0,2810000.0,3043571.0,2810029.0,2491279.0,
TOKUYAMA,JP3625000009,,,,,,,,,,,,,,,,,,,,,6680000.0,7165000.0,6760000.0,6809000.0,6515000.0,6168000.0,5743000.0
LIXIL,JP3626800001,,,,,,,,,,,,488000.0,456000.0,496000.0,477000.0,370000.0,331000.0,546000.0,567000.0,580900.0,568000.0,545000.0,466000.0,510000.0,452000.0,425000.0,
TOPPAN HOLDINGS,JP3629000005,,,,,,,,,,,,279441.0,290446.0,295256.0,293624.0,275878.0,265694.0,254495.0,246935.0,239796.0,235048.0,247032.0,241728.0,380193.0,304695.0,256814.0,317562.0
TOYOTA MOTOR,JP3633400001,,,,,,,,,,,2910000.0,2792000.0,2809000.0,2727000.0,,2800000.0,2720000.0,2490000.0,2550000.0,2550000.0,2500000.0,2940000.0,2450000.0,2480000.0,2370000.0,2560000.0,
TOYODA GOSEI,JP3634200004,,,,,,,119000.0,110000.0,,,,,,,,,,,,,,123000.0,99000.0,101000.0,106200.0,90000.0,
TOYOTA INDS.,JP3634600005,,,,,,661571.0,652456.0,682056.0,,,202134.0,,,234198.0,193071.8,,,,,,,235170.0,223266.0,366621.0,355411.0,320812.0,306437.0
TOYOTA TSUSHO,JP3635000007,,,,,,,,,,,,,,,,,,,118947.0,218892.0,406403.0,421341.0,399786.0,472267.0,471820.0,444279.0,411741.0
TOYOTA BOSHOKU,JP3635400009,,,,,,,,83407.0,85968.0,,,,,,,,,49866.0,50623.0,63271.0,58087.0,53832.0,54668.0,46100.0,66092.0,64066.0,
TREND MICRO,JP3637300009,"$$ER: 0904,NO DATA AVAILABLE",,,,,,,,,,,,,,,,,,,,,,,,,,
DOWA HDG.,JP3638600001,,,,,,,,,,,598080.0,703000.0,,,855900.0,,,,,,1173400.0,1189300.0,1136800.0,1064300.0,1039000.0,1023800.0,
NIKON,JP3657400002,,,,,,71098.0,,,,,,31158.0,26056.0,27220.0,26523.0,24773.0,,24210.0,35818.0,40222.0,38130.0,37052.0,33898.0,34736.0,34668.0,29957.0,
NISHI-NIPPON FINL.HDG.,JP3658850007,,,,,,,,,,,,,,,,,,,,,,,,599.0,563.0,482.0,1488.0
WEST JAPAN RAILWAY,JP3659000008,,,,,,,,,,,,,,100000.0,,,,,,,,162364.0,139084.0,142161.0,144604.0,140805.0,
SOJITZ,JP3663900003,,,,,,,,,,,,,,,,,8723.0,7577.0,931930.0,747229.0,659251.0,979348.0,721934.0,721769.0,751233.0,577458.0,580904.0
NICHIREI,JP3665200006,,,,,,,,,,,,,,,40510.0,41088.0,41332.0,42968.0,43814.0,44000.0,43000.0,42000.0,42000.0,74316.0,77994.0,85000.0,
JGC HOLDINGS,JP3667600005,,,,,,,,,,,172217.0,119369.0,,,,,,,,,,,84325.0,87856.0,82943.0,83729.0,
NISSAN CHEMICAL,JP3670800006,,,,,,,,,,,,,,,,,,347118.0,316948.0,265014.0,245469.0,221264.0,220243.0,238958.0,230424.0,180409.0,184280.0
NISSAN MOTOR,JP3672400003,,,,,,,,,,,,,972804.0,1017943.0,835766.0,780970.0,861457.0,926790.0,963661.0,912476.0,725000.0,764929.0,550000.0,588000.0,585000.0,462000.0,
NISSIN FOODS HOLDINGS,JP3675600005,,,,,,,,,,,,,,,,,,,222000.0,221000.0,237000.0,254000.0,284000.0,293000.0,296000.0,287000.0,
NISSHIN SEIFUN,JP3676800000,,,,,,,,,,,,,,,,,,,,59000.0,87000.0,91000.0,87000.0,86000.0,83000.0,150000.0,
NISSHINBO HOLDINGS,JP3678000005,,,,,,,,,,,,264535.0,281087.0,295193.0,283957.0,,,,,,243800.0,246700.0,237900.0,134600.0,109300.0,89300.0,
NITTO DENKO,JP3684000007,,,,,,,,,,,,,425200.0,407699.0,410098.0,406506.0,439412.0,397144.0,379870.0,381505.0,365138.0,343471.0,363488.0,330370.0,299497.0,289000.0,
NITTO BOSEKI,JP3684400009,,,,,,,,,,,,,,,,,,,,,,,,142000.0,158000.0,140000.0,
NIPPON SHEET GLASS,JP3686800008,,,,,,,,,,4000000.0,4100000.0,3700000.0,3700000.0,3900000.0,3500000.0,3200000.0,3100000.0,3000000.0,,2900000.0,3103000.0,2970000.0,2817000.0,3028000.0,2910000.0,2922000.0,2817923.0
NIPPON EXPRESS HOLDINGS,JP3688370000,,,,,,,,,,,1097995.0,994091.0,964371.0,780234.0,777367.0,762226.0,750124.0,728378.0,718425.0,700797.0,663125.0,662000.0,567000.0,546000.0,547000.0,529000.0,
ORACLE JAPAN,JP3689500001,"$$ER: 0904,NO DATA AVAILABLE",,,,,,,,,,,,,,,,,,,,,,,,,,
NGK INSULATORS,JP3695200000,,,,,,,,,,,,,,,,,,,317000.0,320000.0,320000.0,309000.0,264000.0,290100.0,252000.0,238000.0,
AOZORA BANK,JP3711200000,,,,,,,,,,,,,,,,,,352.0,368.0,80.0,51.0,144.0,114.0,110.0,106.0,95.0,
NIPPON SANSO HOLDINGS,JP3711600001,,,,,,,,2153000.0,,,2223000.0,,,126000.0,120000.0,120000.0,106000.0,97000.0,102000.0,19000.0,14000.0,1061000.0,987000.0,1087000.0,1103000.0,1062000.0,1085000.0
NISSUI,JP3718800000,,,,,,,,,,,,,,,,,,,,,209705.0,215678.0,218628.0,207069.0,197731.0,213374.0,215668.0
NSK,JP3720800006,,,,,,,0.0,104000.0,104000.0,,,111500.0,129000.0,129500.0,,,,,137000.0,143000.0,142000.0,132000.0,120000.0,127000.0,107000.0,102000.0,
JAPAN STEEL WORKS,JP3721400004,,,,,,,,,,,,,,,,,,,93385.0,91155.0,88066.0,88901.0,59000.0,65000.0,61000.0,61000.0,
NIPPON SODA,JP3726200003,,,,,,,,,,,,,,,,,,,,,,,,60407.0,50070.0,46462.0,46460.0
JAPAN TOBACCO,JP3726800000,,,,,,,,,,,,423000.0,416000.0,420000.0,406000.0,393000.0,395000.0,402000.0,388000.0,378000.0,368394.3,339916.9,352204.66,340169.91,336982.2,320255.02,
SBI SHINSEI BANK,JP3729000004,,,,,,,,,,,,,,,,,,,,,516.0,400.0,916.0,1129.0,1176.0,,
NIPPON TELEVISION HDG.,JP3732200005,,,,,,,,,,,,,,,,,,,,,,,,986.0,2212.0,3956.2,
NEC,JP3733000008,,,,,,1310000.0,,1320000.0,,,,392965.0,,,76123.0,60000.0,58000.0,59000.0,54000.0,56000.0,52000.0,26000.0,22360.71,22000.0,20525.08,19970.08,16000.0
NIPPON ELEC.GLASS,JP3733400000,,,,,,,,,,,,,,,,,,,,,999000.0,734000.0,871000.0,790000.0,543000.0,466000.0,
NIDEC,JP3734800000,,,,,,,,,,,,81288.0,59328.81,13200.0,17366.0,,,,88000.0,92000.0,73000.0,62000.0,60000.0,57000.0,282000.0,253000.0,
NTT,JP3735400008,,,,,,267694.0,2735034.0,285842.0,76000.0,70000.0,224000.0,224000.0,267000.0,260000.0,240000.0,220000.0,220000.0,197000.0,190000.0,185000.0,250000.0,250000.0,238000.0,141000.0,166000.0,150000.0,
NITERRA,JP3738600000,,,,,,,,,,,,,,72190.0,,,,,6960.0,6830.0,70100.0,64700.0,62100.0,64400.0,52900.0,48000.0,
NHK SPRING,JP3742600004,,,,,,,,,,,,,,,,,,21516.75,17989.4,94000.0,96000.0,86000.0,80000.0,79000.0,43000.0,44000.0,
NH FOODS,JP3743000006,,,,,,,,,,323000.0,298000.0,285000.0,283000.0,274000.0,279000.0,279000.0,332000.0,334000.0,341000.0,348000.0,348000.0,348000.0,349000.0,492000.0,500834.0,430000.0,437000.0
NIPPON YUSEN KK,JP3753000003,,,,,,,,,,,,21684091.0,20798601.27,20328479.58,,,,21110000.0,21830000.0,20920000.0,14090784.0,13360688.0,11650054.0,12678695.0,11255044.0,11424566.0,
NITORI HOLDINGS,JP3756100008,,,,,,,,,,,,,,,,,,,,,39794.0,38172.0,42027.0,28132.0,31997.0,26950.0,27194.0
NINTENDO,JP3756600007,,,,,,,,,,,,,,,,,,,,,527.7,573.5,591.3,345.5,1744.4,1673.1,2410.9
NOMURA HDG.,JP3762600009,,,,,,,,,,,,2639.0,3650.0,,3629.0,3085.0,3116.0,2979.0,3022.0,2992.0,2960.0,2814.0,2152.0,1924.0,2473.0,2423.0,
NOMURA RESEARCH INST.,JP3762800005,,,,,,,,,,,,,,,,2000.0,1000.0,1000.0,1000.0,2000.0,1000.0,1000.0,1000.0,1000.0,1000.0,1000.0,
HOUSE SHOKUHIN GP.HONSHA K K,JP3765400001,,,,,,,,,,,,,,,,,,54100.0,55200.0,56300.0,56000.0,54400.0,53893.0,56400.0,55332.0,55021.0,
HAKUHODO DY HDG.,JP3766550002,,,,,,,,,,,,,,,,,,,,262.0,435.0,403.0,325.0,354.0,160.0,355.07,
HASEKO,JP3768600003,,,,,,,,,,,,,,,,,,,30374.0,30374.0,31317.0,32604.0,38596.0,40487.0,34486.0,52224.0,
HACHIJUNI NAGANO BANK,JP3769000005,,,,,,,,,,,3060.4,2751.39,3210.0,2400.0,2865.2,3004.0,2554.0,2589.0,2692.0,2727.0,2755.0,2661.0,2689.0,2484.0,2379.0,3485.0,
HAMAMATSU PHOTONICS,JP3771800004,,,,,,,,,,,,,,,,,,,,,,12796.0,12599.0,11233.0,7130.0,5765.0,
HANKYU HANSHIN HDG.,JP3774200004,,,,,,,,,,,,,,,,,,,,,132635.0,129656.0,104772.0,104693.0,103476.0,108119.0,
BANDAI NAMCO HDG.,JP3778630008,,,,,,,,,,,,0.0,0.0,,0.0,,,,,1843.0,6156.0,6271.0,6039.0,5540.0,6131.0,7882.0,
PARK24,JP3780100008,,,,,,,,,,,,,,,,,,,,,,,139059.0,174778.0,200435.0,,
HIKARI TSUSHIN,JP3783420007,,,,,,,,,,,,,,,,,,,,,,,,1101.0,987.0,1102.0,
EAST JAPAN RAILWAY,JP3783600004,,,,,,,,,,,200000.0,210000.0,,,,1190000.0,1080000.0,1060000.0,1380000.0,1390000.0,1200000.0,1400000.0,1440000.0,1510000.0,1520000.0,1610000.0,1610000.0
HITACHI METALS DEAD - DELIST.29/12/22,JP3786200000,,,,,,,1130000.0,1298000.0,1291000.0,,,,,,346000.0,,,,,,,,,,,,
HITACHI CON.MCH.,JP3787000003,,,,,,,,,,,,34964.0,,,41967.25,,,41316.0,44517.0,51000.0,110000.0,101000.0,98988.0,99295.0,92806.0,91884.0,71115.0
HITACHI,JP3788600009,,,,,,,3932000.0,4336000.0,4429000.0,,,934912.0,932098.0,968128.0,912154.0,830000.0,810000.0,770000.0,1360000.0,2120000.0,1870000.0,1530000.0,1220000.0,1270000.0,490000.0,400000.0,390000.0
KANADEVIA,JP3789000001,,,,,,,,,,,,,,,,,,,,,,,,251000.0,198000.0,204100.0,
HITACHI TRANSPORT SYSTEM DEAD - DELIST.24/02/23,JP3791200003,,,,,,,,,,,,,,,,,,,,,,,40669.0,40519.0,,,
HINO MOTORS,JP3792600003,,,,,,171000.0,,,,,,,,,,,,,,,150000.0,148000.0,136000.0,151000.0,138000.0,121000.0,
HIROGIN HOLDINGS,JP3796150005,,,,,,,,,,,,,,,,,,,,,2283.5,2075.9,1933.8,1517.7,1365.3,1457.2,
HIROSE ELECTRIC,JP3799000009,,,,,,,,,,,,,,,,,,,2690.0,2332.0,2212.0,1995.0,1867.0,1679.0,1688.0,1258.0,
FAST RETAILING,JP3802300008,,,,,,,,,,,,,,,,,,11474.0,13209.0,12419.0,12295.0,13026.0,10029.0,9738.0,9558.0,8760.0,
FANUC,JP3802400006,,,,,,,,,,,,,,,,,,,,,,,47059.42,52804.27,58001.0,56266.0,
FUJIKURA,JP3811000003,,,,,,,,,,,,,,,28030.0,,,,,,,,24092.0,24240.0,22096.0,20159.0,20949.0
FUJIFILM HOLDINGS,JP3814000000,,,,,,,,,,,,764693.0,793333.0,773521.0,743856.0,,,,661000.0,687000.0,672000.0,633000.0,642000.0,674000.0,615000.0,563000.0,527000.0
SUBARU,JP3814800003,,,,,,,,,,,,,,,187000.0,,,,268962.0,271695.0,265049.0,277034.0,165851.0,162671.0,162062.0,154483.0,
FUJITSU,JP3818000006,,,,,,,,,,,,438000.0,321000.0,266000.0,225000.0,216000.0,197000.0,189000.0,208000.0,198000.0,147000.0,87000.0,75000.0,70000.0,65000.0,64000.0,
FUJI MEDIA HOLDINGS,JP3819400007,,,,,,,,,,,0.0,0.0,0.0,0.0,,,,,,,,,,,,,
FUJI ELECTRIC,JP3820000002,,,,,,,642525.0,568003.0,,,,432042.0,254265.0,235443.0,209826.0,,,256900.0,220700.0,239000.0,273800.0,221900.0,202200.0,154500.0,139300.0,134300.0,127000.0
FURUKAWA,JP3826800009,,,,,,,,,,,,,,,,,,,,,5045.0,4838.0,4192.0,4296.0,3996.0,34287.0,
FURUKAWA ELECTRIC,JP3827200001,,,,,,,,,,,,,,,156000.0,148000.0,138000.0,155000.0,209000.0,238000.0,197000.0,172000.0,143000.0,128000.0,152782.0,146643.0,
BROTHER INDUSTRIES,JP3830000000,,,,,,,,,,,,,,,10619.0,10348.0,29389.0,75333.0,72819.0,67068.0,21622.0,17362.53,18355.54,18724.36,19040.31,18840.01,
BRIDGESTONE,JP3830800003,,,,,,,,,,,,,,2003000.0,2036000.0,1955000.0,1856000.0,1828000.0,1871000.0,1868000.0,1807000.0,1504000.0,1722000.0,1794000.0,1578982.0,1509385.0,
HEIWA REAL ESTATE,JP3834800009,,,,,,,,,,,,,,,,,,,,,,,,3011.0,2709.0,2817.0,
BENESSE HOLDINGS DEAD - DELIST.17/05/24,JP3835620000,,,,,,,,,,,,,,,,,,162.0,1794.0,120.0,89.0,88.0,76.0,75.0,73.0,,
HOYA,JP3837800006,,,,,,,,,,,,,,,,,27374.0,23346.0,21489.0,21466.0,22379.0,21000.0,16000.0,16000.0,13000.0,11000.0,17000.0
HOKUETSU,JP3841800000,,,,,,,,,,,,,,,,,,,,,,,,680000.0,697000.0,646000.0,
HOKUHOKU FINL. GP.,JP3842400008,,,,,,,,,,,,,,,,,,,,,,,,,4325.0,4739.0,4422.0
HOKURIKU ELEC.POWER,JP3845400005,,,,,,,11720000.0,,,,,10160000.0,12510000.0,18520000.0,,,,,,16997159.0,16472464.0,14250000.0,16690000.0,18760000.0,17480000.0,13150000.0,
HOKKAIDO ELEC.POWER,JP3850200001,,,,,,15300000.0,15900000.0,15480000.0,15080000.0,,,,,,,,,,,,,13090000.0,12800000.0,14100000.0,12000000.0,11540000.0,
HONDA MOTOR,JP3854600008,,,,,,,,,,,1214660.0,1283019.0,1418000.0,1240000.0,1410000.0,1410000.0,1380000.0,1310000.0,1280000.0,1350000.0,1380000.0,1240000.0,1120000.0,1160000.0,1090000.0,1070000.0,997000.0
MAKITA,JP3862400003,,,,,,,,,,,,,,,,,,,,,1644.0,4516.0,4876.0,20930.0,21401.0,19725.0,19938.0
MATSUI SECURITIES,JP3863800003,"$$ER: 0904,NO DATA AVAILABLE",,,,,,,,,,,,,,,,,,,,,,,,,,
PANASONIC HOLDINGS,JP3866800000,,,,,,,,,,,,758053.0,847855.0,743722.0,654169.0,610000.0,470000.0,430000.0,440000.0,460000.0,410000.0,390000.0,330000.0,337279.0,405791.0,316000.0,280000.0
MAZDA MOTOR,JP3868400007,,,,,,,,,,,,236050.0,216820.0,,150500.0,,,,,137000.0,135000.0,122000.0,97000.0,97000.0,113000.0,112000.0,119000.0
MATSUKIYOKARA,JP3869010003,,,,,,,,,,,,,,,,,,,,,,,,2225.0,2377.0,1764.0,3764.0
MABUCHI MOTOR,JP3870000001,,,,,,,,,,,,26854.0,,,,,,,3427.0,3231.0,2911.0,3265.0,4092.0,3317.0,2929.0,,
MARUI GROUP,JP3870400003,,,,,,,,,,,,,,,10727.0,13044.0,12580.0,14434.0,14920.0,14000.0,15109.0,13956.0,11090.0,10540.0,10043.0,8115.0,
MARUBENI,JP3877600001,,,,,,,,,,,,,,,148.0,137.0,135.0,,626278.0,682406.0,726708.0,773198.0,797975.0,1016487.0,1000124.0,948825.0,939015.0
MISUMI GROUP,JP3885400006,,,,,,,,,,,,,,,,,,,,,,10256.0,8708.0,7943.0,6427.0,6182.0,
MIZUHO FINL.GP.,JP3885780001,,,,,,,,,,,13323.0,17957.0,17119.12,17561.0,16177.0,15546.0,15735.0,15604.0,16025.0,16028.0,15845.0,14756.0,14053.0,11306.0,12453.0,11566.0,
MITSUI CHEMICALS,JP3888300005,,,,,,,,,,,,,4030000.0,4060000.0,3760000.0,,,4210000.0,4260000.0,4100000.0,3780000.0,3770000.0,3740000.0,,3545000.0,3675000.0,
MITSUI KINZOKU LIMITED,JP3888400003,,,,,,,,,,,,,,,689000.0,647600.0,,,,771000.0,748000.0,766000.0,779000.0,797000.0,802000.0,804000.0,
MS&AD INSURANCE GP.HDG.,JP3890310000,,,,,,,,,,,,,27190.0,23081.0,23005.0,23057.0,22983.0,25010.0,26315.0,27948.0,26161.0,23922.0,19686.0,17584.0,16804.0,15589.0,
SUMITOMO MITSUI FINL.GP.,JP3890350006,,,,,,,24230.0,24230.0,,,,,8445.0,6121.0,6277.0,10526.0,16308.0,16757.4,16803.0,17120.0,14863.0,13526.0,11405.0,19071.0,15041.0,14142.0,
MITSUI E&S,JP3891600003,,,,,,105286.0,126803.0,,,,,,,,,,,,,,,,,,8500.0,48000.0,
SUMITOMO MITSUI TRUST GROUP,JP3892100003,,,,,,,,,,,,,,,5592.0,5806.0,5577.0,5002.0,4907.0,4588.0,4376.0,4432.0,4307.0,4225.0,5411.0,4472.0,
MITSUI FUDOSAN,JP3893200000,,,,,,,,,,,,,,,,,,,,,89000.0,104000.0,115000.0,140000.0,183000.0,186000.0,209000.0
MITSUI,JP3893600001,,,,,,,,,,,,,,,1364000.0,1460000.0,384000.0,284000.0,314000.0,3448000.0,3189000.0,3298000.0,3868000.0,3771000.0,3006000.0,2637000.0,2803000.0
ISETAN MITSUKOSHI HDG.,JP3894900004,,,,,,,,,,,,,,,,43219.0,27373.0,27350.0,27281.0,25644.0,24234.0,22573.0,17030.0,17581.0,17700.0,29081.0,
MITSUBISHI GAS CHM.,JP3896800004,,,,,,,,,,,,,,,,,,,,,,603000.0,653000.0,770000.0,743000.0,715000.0,619000.0
MITSUBISHI,JP3898400001,,,,6528.72,,,,,,95100.0,1647173.0,70800.0,3205957.0,3205957.0,,1867000.0,1802000.0,1725000.0,5961000.0,5469000.0,6274107.0,6883788.0,6773666.0,21046000.0,19518000.0,20537397.0,
MITSUBISHI ESTATE,JP3899600005,,,,,,,,,,,,,,,,,,,,120634.0,108289.0,118351.0,116914.0,120713.0,110783.0,93034.0,
MITSUBISHI MOTORS,JP3899800001,,,,,,,,347000.0,334000.0,383000.0,,,,,,137000.0,132000.0,110000.0,102000.0,119000.0,119000.0,110000.0,80000.0,92000.0,95000.0,90000.0,85000.0
MITSUBISHI HEAVY INDS.,JP3900000005,,,,,,,,,,,,143840.0,143890.0,160169.0,155349.0,151200.0,,,,188712.0,184647.0,185000.0,151000.0,171000.0,137000.0,129000.0,
MITSUBISHI PAPER MILLS,JP3901200000,"$$ER: 0904,NO DATA AVAILABLE",,,,,,,,,,,,,,,,,,,,,,,,,,
MITSUBISHI LOGISTICS,JP3902000003,,,,,,,,,,,,,,,,,,,,,,,4771.0,6664.0,20347.0,15007.0,15368.0
MITSUBISHI ELECTRIC,JP3902400005,,,,,,,,,,,,438000.0,358000.0,362000.0,322000.0,370000.0,400000.0,370000.0,380000.0,310000.0,278000.0,265000.0,242000.0,276000.0,272000.0,234000.0,
MITSUBISHI UFJ FINL.GP.,JP3902900004,,,,,,,,,19760.0,21153.0,18644.0,17636.0,18317.0,19832.0,18556.0,13139.0,11947.0,11344.0,11421.0,11836.0,10795.0,,29512.0,27431.0,31051.0,27424.0,
MITSUBISHI MATERIALS,JP3903000002,,,,,,,,8207000.0,,,,10059000.0,4168000.0,10595000.0,10626000.0,10891000.0,10923000.0,10346000.0,10412000.0,10060000.0,9816000.0,9415000.0,9176000.0,9069000.0,919000.0,962000.0,787000.0
MINEBEA MITSUMI,JP3906000009,,,,,,,,,,,,,,,,,,,,,,67100.0,79100.0,107000.0,109000.0,98927.0,
TOKIO MARINE HOLDINGS,JP3910660004,,,,,,,,,11696.0,,,4442.0,17129.0,18013.0,17918.0,15900.0,14830.0,14954.0,14916.0,14474.0,15007.0,17478.0,13163.0,13022.0,13362.0,13685.0,12517.0
MURATA MANUFACTURING,JP3914400001,,,,,,101514.0,455154.0,479514.0,,,,124788.0,122364.16,122400.0,122200.0,,,122000.0,141000.0,251000.0,312000.0,293000.0,278000.0,260000.0,264000.0,195000.0,
MEIDENSHA,JP3919800007,,,,,,,,,,,,,,,,,,,,,,,20009.0,16903.0,20329.0,20499.0,
YAKULT HONSHA,JP3931600005,,,,,,,,,,,,,,,,,,,,,,,,,258112.0,230278.0,233355.0
LY,JP3933800009,,,,,,,,,,,,,,,,,,,27.0,2.0,3614.0,4203.0,3672.0,3721.0,3646.0,3554.0,3395.0
YAMAZAKI BAKING,JP3935600001,,,,,,,,,,,,,,,,,,,,322000.0,395000.0,391000.0,386000.0,383000.0,370000.0,,
YAMADA HOLDINGS,JP3939000000,,,,,,,,,,,,,,,,,,,,,10000.0,11000.0,54000.0,53000.0,53000.0,48000.0,
YAMATO HDG.,JP3940000007,,,,,,,,,,,,,,594214.0,584329.0,459000.0,458000.0,,,657000.0,668367.0,661193.0,668554.0,673213.0,659537.0,656732.0,
YAMATO KOGYO,JP3940400009,,,,,,,,,,,,,,,,,,,,,,,55000.0,59000.0,60000.0,228990.0,
ASTELLAS PHARMA,JP3942400007,,,,,,,,,,,,205000.0,91000.0,83000.0,79000.0,82000.0,102978.0,98500.0,94547.0,87429.0,82093.0,70898.0,63276.0,63691.0,59051.0,57124.0,
YAMAHA,JP3942600002,,,,,,,,,,,,,,,,,,26000.0,,23000.0,22000.0,23000.0,22000.0,24000.0,22000.0,20000.0,18000.0
YAMAHA MOTOR,JP3942800008,,,,,,,,,,,,,,,190658.78,166518.95,149000.0,147281.0,149043.0,146167.0,155847.0,130174.0,151002.0,154950.0,144959.0,,
USS,JP3944130008,,,,,,,,,,,,,,,,,,,,,,,4500.0,4138.0,3966.0,4269.0,4404.0
UNITIKA,JP3951200009,,,,,,,,,,,,,,,,,,,,,,,,263000.0,251000.0,136000.0,
UNI CHARM,JP3951600000,,,,,,,,,,,,31326.0,,,,,,,,,,,35500.0,31600.0,29200.0,30100.0,
YOKOGAWA ELECTRIC,JP3955000009,,,,,,40000.0,40000.0,47000.0,,,,,,,,20666.0,15762.0,12153.0,12580.0,15412.0,15015.0,14000.0,11727.0,12015.0,15390.0,11966.0,12141.0
RAKUTEN GROUP,JP3967200001,,,,,,,,,,,,,,,,,174.0,300.0,304.0,1152.3,2591.0,2705.0,1647.0,1745.0,2991.0,,
RICOH,JP3973400009,,,,,,,,,,,,181400.0,183300.0,177400.0,177400.0,183500.0,181000.0,154900.0,154900.0,142700.0,141900.0,136600.0,117328.0,114664.0,113620.0,107885.0,
RINNAI,JP3977400005,,,,,,,,,,,,,,,29448.78,,,35612.0,38663.0,40313.0,40254.0,36723.0,35161.0,35941.0,36779.0,34876.0,
LAWSON DEAD - DELIST.24/07/24,JP3982100004,,,,,,,,,,,,5552.0,5778.0,5738.3,7232.0,6500.0,6100.0,5500.0,5300.0,5100.0,4400.0,4500.0,4300.0,4200.0,4300.0,50316.0,
ROHM,JP3982800009,,,,,,,,,,,,,,,152264.0,73408.0,52580.0,42904.0,35080.0,36002.0,151469.0,129552.0,129979.0,164180.0,173711.0,180771.0,165232.0
WACOAL HDG.,JP3992400006,,,,,,,,,,,,,,,,,,,,,,1784.0,1611.0,1736.0,1701.0,1578.0,
ASMPT,KYG0535Q1331,,,,,,,,,,,,,,,,,,2500.0,2600.0,2300.0,2400.0,2300.0,3700.0,2400.0,1800.0,1100.0,
CHINA RESOURCES LAND,KYG2108Y1052,,,,,,,,,,,,,,,,,,524594.0,,,,,,32575.32,35747.53,34913.24,
CHINA MENGNIU DAIRY,KYG210961051,,,,,,,,,,,,,,,,,,,,,210000.0,210000.0,260000.0,253700.0,270400.0,277500.0,
CK HUTCHISON HOLDINGS,KYG217651051,,,,,,,,,,,,,,,,,,4517040.0,7990748.0,9451425.0,9003430.0,8904306.0,8055033.0,7871213.0,7536199.0,7037777.0,
KINGBOARD HOLDINGS,KYG525621408,,,,,,,,,,,,,,,,,,,,,4263204.1,1773233.1,1141981.9,1182431.5,1266779.5,1298542.8,
LEE & MAN PAPER MNFG.,KYG5427W1309,,,,,,,,,,,,,,,,,,,,5279785.98,5465463.5,5211809.25,5133639.15,4729594.66,5394123.78,5781276.75,
LIFESTYLE INTL.HDG. DEAD - DELIST.21/12/22,KYG548561284,,,,,,,,,,,,,,,,,,,,,,0.02,0.03,,,,
WANT WANT CHINA HOLDINGS,KYG9431R1039,,,,,,,,,,,,,,,,,,,,,,,,206755.5,191465.44,187785.92,182475.59
GOLDEN AGRI-RESOURCES,MU0117U00026,,,,,,,,,,,,,,,,,,,,2046551.0,3820820.0,3898297.0,8324720.0,7812543.0,7270140.0,7027638.0,
AUCKLAND INTL.AIRPORT,NZAIAE0002S6,,,,,,,,1687.0,2365.0,2438.0,2835.0,2601.5,2187.0,2615.0,2404.0,2161.0,2408.0,,,,2472.0,2397.0,1674.0,2004.0,2060.0,2063.0,2012.0
AIR NEW ZEALAND,NZAIRE0001S2,,,,,,,,,,,,,,,,,3073455.0,3308950.0,3197011.0,3730246.0,3925650.0,3176634.0,1333192.0,1512886.0,2839358.0,3250851.0,3157207.0
CONTACT ENERGY,NZCENE0001S6,,,,,,,,,2477000.0,,2179031.0,1905200.0,1930168.0,2341574.0,2697975.8,1624000.0,1495719.0,1112251.0,1142575.0,1175772.0,985905.0,923072.0,1044744.0,786842.0,526621.0,947491.0,
FLETCHER BUILDING,NZFBUE0001S0,,,,,,,869217.0,855708.0,1027691.0,,,864131.0,839047.0,803428.0,848236.0,,,1175000.0,1375000.0,896000.0,812000.0,804000.0,823000.0,793000.0,773000.0,752000.0,
SKY CITY ENTM.GP.,NZSKCE0001S2,,,,,,,,,,,,,,,,,5126.0,4908.0,4615.0,4640.0,4761.0,4736.0,4454.0,4514.0,5361.0,5072.0,5785.41
SPARK NEW ZEALAND,NZTELE0001S4,,,,,,,,,,6956.0,5543.0,,,4329.0,,2102.0,1842.0,,3600.0,3600.0,3500.0,2485.0,2799.0,2372.0,2694.0,4670.0,4732.0
VENTURE CORPORATION,SG0531000230,,,,,,,,,,,,,,,,,,,,,,,,2894.0,2659.0,,
JARDINE CYC.& CARR.,SG1B51001017,,,,,,,,,,,,,,,,,,,,,4404200.0,3043500.0,3001300.0,4389800.0,4606200.0,4644600.0,
SINGAPORE TECHS.ENGR.,SG1F60858221,,,,,,,,,,,,,,32223.0,39454.0,29598.0,28663.0,46100.0,31500.0,31400.0,32300.0,34000.0,36000.0,45000.0,45000.0,45000.0,
SEATRIUM,SGXE34184239,,,,,,,,,,,,121561.0,259158.0,272301.0,70175.0,61488.0,60189.0,49035.0,54827.0,48867.0,52208.0,50645.0,61911.0,53902.0,71631.0,,
SINGAPORE EXCHANGE,SG1J26887955,,,,,,,,,,,,,46.5,,,,,,,,51.0,45.0,65.0,35.0,30.0,32.0,24.0
DBS GROUP HOLDINGS,SG1L01001701,,,,,,,,,,,,,,,,,,,,0.02,1547.0,992.0,757.0,318.0,582.0,1300.0,
UNITED OVERSEAS BANK,SG1M31001969,,,,,,,,,,,,,,,,,,,,,,,,5800.0,4800.0,5100.0,
CAPITALAND INTEG. COML. TST.,SG1M51904654,,,,,,,,,,,,,,,,,,,,,20.0,14.0,42.0,33.0,30.0,317.0,
CAPITALAND ASCENDAS REIT,SG1M77906915,,,,,,,,,,,,,,,,,,,,,,,572.0,491.0,507.0,3554.0,
COMFORTDELGRO CORPORATION,SG1N31909426,,,,,,,,,,,,,,,,,,,959739.0,956731.0,1046348.0,756097.0,834891.0,835048.0,835668.0,,
SINGAPORE PRESS HDG. DEAD - DELIST.13/05/22,SG1P66918738,,,,,,,,,,,,,,,,,,,110.21,109.13,247.0,121.8,113.5,,,,
SEMBCORP INDUSTRIES,SG1R50925390,,,,,,,,,,,,5541322.0,5559158.0,5564129.0,6400000.0,5700000.0,6900000.0,15100000.0,22200000.0,23672500.0,25851300.0,26303500.0,25936300.0,25229900.0,10183900.0,9054000.0,
CITY DEVELOPMENTS,SG1R89002252,,,,,,,,,,,,339.0,1908.0,1471.0,2902.0,7363.0,62281.0,780.0,630.0,1547.0,402.0,1455.0,2646.0,1799.0,88.0,2886.0,
OVERSEA-CHINESE BKG.,SG1S04926220,,,,,,,,,,,,,,,,,,,,,,,237.0,131.0,142.0,132.0,
COSCO SHIPPING INTERNATIONAL,SG1S76928401,,,,,,,,,,,,,,,,,,,,,,,,,17205.59,19150.9,
UOL GROUP,SG1S83002349,,,,,,,,,,,,,,,,,,,,2222.0,2638.0,1484.0,1680.0,2269.0,2231.0,2128.0,
FRASER AND NEAVE,SG1T58930911,,,,,,,,,,,,,,,,,,,40250.0,41266.0,52843.13,46370.0,48000.0,49050.0,49710.0,50180.0,
SINGAPORE TELECOM,SG1T75931496,,,,,,,,,,,,,,,,,8641.0,7243.0,4487.0,6092.0,6652.0,5881.0,7643.0,6322.0,6251.0,8415.0,
KEPPEL,SG1U68934629,,,,,,,,,,,95619.0,609170.0,595008.0,982090.0,585185.0,608436.0,687128.0,1205749.0,248083.0,26299.0,29564.0,42046.0,28628.0,29420.0,3091.0,1323.0,
SINGAPORE AIRLINES,SG1V61937297,,,,,,,,,,,,,13286273.0,13826606.0,14216294.0,14081200.0,13786370.0,13940623.0,14085200.0,14176770.0,16502746.0,16283295.0,3953606.0,7788420.0,12749292.0,15063013.0,
OUE,SG2B80958517,,,,,,,,,,,,,,,,,,,,,786.7,1618.1,1172.5,2175.9,2146.1,1883.1,
FLEX,SG9999000020,,,,,,,,,,,,118930.0,82876.0,44354.0,43118.0,63936.0,36478.0,29870.0,73527.0,77032.0,82432.0,102364.0,76427.0,81647.0,86991.0,83630.0,78935.0
XP POWER (DI),SG9999003735,,,,,,,,,,,,,,,,,,,,,12.0,194.1,212.0,561.0,545.0,585.0,
GENTING SINGAPORE,SGXE21576413,,,,,,,,,,,,,,3743.2,3886.0,3030.0,3190.0,3030.0,3260.0,3410.25,4872.0,4515.0,3327.0,3930.0,1765.0,2440.0,
OLAM GROUP,SGXE65760014,,,,,,,,,,,,,,,,,,,,,,,,4020000.0,4370000.0,,
TRIP COM GROUP ADR 1:1,US89677Q1076,,,,,,,,,,,,,,,,,,,,,44.85,34.0,27.0,19.0,25.0,3233.0,
