NAME,ISIN,1999,2000,2001,2002,2003,2004,2005,2006,2007,2008,2009,2010,2011,2012,2013,2014,2015,2016,2017,2018,2019,2020,2021,2022,2023,2024,2025,country_code
ADBRI DEAD - DELIST.02/07/24,AU000000ABC7,,,,,,,,,,,,,,,,,,,,2151902.0,2156481.0,2125121.0,2092331.0,1922718.0,1798170.0,,,AU
ARISTOCRAT LEISURE,AU000000ALL7,,,,,,,,,,,,,,,,,,,,,15400.0,13300.0,18900.0,6579.0,4594.0,5197.0,,AU
AMP,AU000000AMP6,,,,,,,,,510.0,,1.0,299.63,162.92,146.86,,,,,96.0,122.0,75.0,355.0,146.0,29.0,27.0,26.0,,AU
ANZ GROUP HOLDINGS,AU000000ANZ3,,,,,,,7301.0,12896.0,13153.0,15504.0,15218.0,18278.0,15416.0,16428.0,16038.0,17611.0,22688.0,21122.0,19024.0,17970.0,16249.0,11762.0,6424.0,5819.0,6185.0,5958.0,6314.0,AU
APA GROUP,AU000000APA1,,,,,,,,,,,298906.0,305076.0,297099.0,327239.0,322827.0,311421.0,350922.0,1084236.0,1241632.0,1205766.0,1229923.0,1322249.0,1429979.0,1492977.0,1379338.0,1905327.0,1862659.0,AU
ASX,AU000000ASX7,,,,,,,,,7.0,,,20.0,,251.0,300.0,100.0,29.0,11.0,48.0,44.71,29.56,30.12,22.0,34.0,50.0,34.0,37.0,AU
BHP GROUP,AU000000BHP4,,,,,,,22816087.0,23200000.0,21394070.0,22231000.0,21340000.0,19250000.0,19800000.0,20200000.0,22000000.0,22700000.0,20700000.0,11300000.0,10500000.0,10590000.0,9260000.0,9600000.0,10100000.0,9100000.0,8000000.0,8200000.0,7300000.0,AU
BORAL DEAD - DELIST.08/07/24,AU000000BLD2,,,,,,,3840000.0,3750000.0,3205000.0,3217000.0,2977000.0,2528000.0,2764760.0,2811000.0,2676000.0,2459000.0,1871000.0,1733000.0,1772000.0,2044000.0,1572000.0,1350000.0,1320000.0,1330000.0,,,,AU
BEACH ENERGY,AU000000BPT9,,,,,,,,,,,,,,,,62696.0,51835.0,41195.0,18297.0,495740.0,576791.0,607423.0,559457.0,569509.0,538977.0,541164.0,626731.0,AU
BLUESCOPE STEEL,AU000000BSL0,,,,,,,,,,,9710000.0,,13390000.0,9480000.0,8095000.0,7840000.0,7810000.0,8270000.0,8670000.0,8820000.0,8590000.0,8420000.0,8840000.0,8680000.0,8510000.0,8500000.0,,AU
BWP GROUP STAPLED UNITS,AU000000BWP3,,,,,,,,,,,,,0.0,0.0,0.0,0.0,0.0,0.0,0.0,0.0,0.0,0.0,0.0,0.0,0.0,0.0,,AU
COMMONWEALTH BK.OF AUS.,AU000000CBA7,,,,,,,,,,,17038.0,15073.0,13289.0,10385.0,10959.0,10540.0,9729.0,9063.0,9694.0,8739.0,7624.0,12526.0,8768.0,6667.0,7891.0,7258.0,,AU
CHALLENGER,AU000000CGF5,,,,,,,,,,,,,,,,,0.0,0.0,0.0,3.5,4.0,2.0,0.99,40.67,34.9,2.9,,AU
CIMIC GROUP DEAD - DELIST.11/05/22,AU000000CIM7,,,,,,,,1786040.0,,,478443.0,684758.0,730542.0,730542.0,3172000.0,153239.0,77412.0,1963000.0,2236000.0,2689000.0,2634000.0,2391000.0,115000.0,,,,,AU
COCHLEAR,AU000000COH5,,,,,,,,,6.28,,,,,,,,,,,728.0,409.0,559.0,474.0,251.0,916.0,856.0,951.0,AU
CHARTER HALL RETAIL REIT,AU000000CQR9,,,,,,,,,,,,85.0,,,,,,,,,7820.0,263.0,294.0,325.0,384.0,141.0,184.0,AU
CSR DEAD - DEAD.10/07/24,AU000000CSR5,,,,,,,,,,862118.0,752500.0,735858.0,394398.0,370008.0,367113.0,313461.0,351912.0,445151.0,453531.0,442072.0,306981.0,267905.0,280065.0,275488.0,272788.0,,,AU
CLEANAWAY WASTE MANAGEMENT,AU000000CWY3,,,,,,,,,,,,,,931637.0,631497.0,559304.0,,,,712000.0,779000.0,755400.0,859500.0,1247000.0,1133000.0,1070000.0,1082000.0,AU
DOWNER EDI,AU000000DOW2,,,,,,,,,,207900.0,283490.0,242210.0,249960.0,203120.0,219760.0,219259.0,220568.0,218900.0,224700.0,334700.0,356300.0,320686.0,306868.0,325582.0,339179.0,296532.0,278407.0,AU
DEXUS STAPLED UNITS,AU000000DXS1,,,,,,,,,6403.0,6226.0,8993.0,8427.0,8675.0,7882.0,9267.0,11050.0,15881.0,17686.0,19695.0,18943.0,17742.0,17299.0,15763.0,12764.0,12051.0,10059.0,,AU
ELDERS,AU000000ELD6,,,,,,,,,,,,,,,,,,,,13794.0,15330.0,14574.0,55419.0,64387.0,59221.0,57210.0,38206.0,AU
GPT GROUP STAPLED UNITS,AU000000GPT8,,,,,,5854.0,7578.0,6838.0,6614.0,8745.0,13202.0,14710.0,9201.0,9843.0,10077.0,9556.0,13313.0,13621.0,9706.0,9874.0,10133.0,6904.0,7747.0,8806.0,7525.0,6590.0,,AU
INSURANCE AUS.GROUP,AU000000IAG3,,,,,,,,53244.0,7966.0,8072.0,7419.0,7556.0,7765.0,8696.0,9253.0,9181.0,10600.0,13027.0,12368.0,11461.0,8357.0,6751.0,5600.0,4869.0,5617.0,7192.0,6770.0,AU
IGO,AU000000IGO4,,,,,,,,,,,,4729.0,32675.0,38429.0,,,37181.0,49624.0,76482.0,71123.0,73963.0,63536.0,63336.5,62168.3,105437.9,111033.8,65861.0,AU
ILUKA RESOURCES,AU000000ILU1,,,,,,,,,,,,,,,,,,,289000.0,446000.0,322000.0,399000.0,348000.0,421000.0,454000.0,392000.0,,AU
IRESS,AU000000IRE2,,,,,,,,,,,,,,,,,,,,,106.0,159.0,80.0,72.0,53.0,47.0,,AU
LENDLEASE GROUP STAPLED UNITS,AU000000LLC3,,,,,,,,,,10750.0,17165.0,49183.0,39340.0,115583.0,166789.0,122863.0,86876.0,86745.0,83649.0,141950.0,118182.0,106565.0,39259.0,22646.0,26217.0,31753.0,,AU
MACMAHON HOLDINGS,AU000000MAH3,,,,,,,,,,,83134.0,53354.1,79268.75,,,,,127.0,156.0,569.0,795.0,6119.0,2051.0,15125.0,1091.0,894.0,9301.0,AU
MIRVAC GROUP STAPLED UNITS,AU000000MGR9,,,,,,,6531.0,10670.0,17497.0,14571.0,15676.0,12382.0,13635.0,9987.0,7066.0,11441.0,9867.0,6179.0,4640.0,6829.0,6618.0,7457.0,6342.0,7125.0,9632.0,10711.0,,AU
MACQUARIE GROUP,AU000000MQG1,,,,,,,,,,,23.0,,0.0,0.0,0.0,,,,433.0,518.0,569.0,477.0,465.0,343.0,385.0,392.0,,AU
METCASH,AU000000MTS0,,,,,,,,,,,8304.0,10406.0,12396.0,20087.0,,,,,,24741.0,12472.0,14110.0,15055.0,14576.0,13225.0,15446.0,34712.0,AU
NATIONAL AUS.BANK,AU000000NAB4,,,,,,,,19424.0,19273.0,15337.0,16019.0,22084.0,25551.0,25460.0,20848.0,23481.0,23052.0,18373.0,19376.0,19208.0,19208.0,16579.0,10821.0,6619.0,7590.0,7313.0,,AU
NEWCREST MINING DEAD - DELIST.08/11/23,AU000000NCM7,,,,,,,,,,,731331.0,1430611.0,1483302.0,1542738.0,,,,,1288105.0,1386235.0,1377787.0,1378676.0,1368391.0,1397980.0,1386578.0,,,AU
ORIGIN ENERGY (EX BORAL),AU000000ORG5,,,,,,,,,6000000.0,5700000.0,1331747.0,1968703.0,2832948.0,12866000.0,13663000.0,14934000.0,16918000.0,16977000.0,17293000.0,18162000.0,17976000.0,16014000.0,14890000.0,12801000.0,13690000.0,15567000.0,15799000.0,AU
ORICA,AU000000ORI1,,,,,,,4719000.0,4704000.0,4700000.0,3354000.0,2588260.0,2407520.0,2035000.0,1801000.0,1900000.0,1600000.0,1800000.0,1800000.0,1798800.0,2244000.0,2092000.0,1849000.0,1628000.0,1678000.0,1446000.0,923000.0,,AU
OZ MINERALS DEAD - DELIST.03/05/23,AU000000OZL8,,,,,,,,,,576938.0,94610.0,114703.0,146422.0,156986.0,204959.0,231389.0,180290.0,142669.0,105648.0,85258.0,77271.0,85555.0,94720.0,95387.0,,,,AU
QANTAS AIRWAYS,AU000000QAN2,,,,,,,,11200000.0,11519558.0,12627695.0,12063350.0,11749346.0,12387552.0,12534020.0,12422703.0,11938500.0,11707259.0,12070474.0,12248233.0,12390319.0,12372735.0,9340721.0,3236753.0,4734407.0,9720687.0,11456418.0,,AU
QBE INSURANCE GROUP,AU000000QBE9,,,,,,,,,,520.0,1254.0,1170.0,1241.0,1160.0,10777.0,11144.0,12400.0,8686.0,7904.0,8314.0,6600.0,6565.0,6526.0,7179.0,7832.0,7746.0,,AU
RAMSAY HEALTH CARE,AU000000RHC8,,,,,,,,,,,,,,,,,,15334.0,15722.0,,,55544.0,54982.0,83371.0,81885.0,90260.0,88711.0,AU
ST BARBARA,AU000000SBM8,,,,,,,,,,,,,,89381.0,,,83000.0,131000.0,141000.0,141000.0,155000.0,175000.0,165000.0,145000.0,,,,AU
SIMS,AU000000SGM7,,,,,,,,,96481.27,136582.0,143045.0,142256.0,149941.0,117886.0,111131.0,106935.0,105213.0,82241.0,67266.0,80200.0,37400.0,76100.0,72100.0,80500.0,81500.0,79600.0,,AU
STOCKLAND STAPLED UNITS,AU000000SGP0,,,,,,,,3500.09,3323.88,3201.34,18957.0,19099.0,27459.0,26961.0,18468.0,22101.74,26368.42,35036.0,27237.0,25453.0,24230.0,21028.0,4999.0,3902.0,3041.0,1905.0,,AU
SONIC HEALTHCARE,AU000000SHL7,,,,,,,,,,,,,6646.0,8114.0,8285.0,8158.0,8326.0,8386.0,,,,7654.0,34677.0,35796.0,32503.0,,29908.0,AU
SANTOS,AU000000STO6,,,,,,,,4650000.0,4453917.0,3457460.0,3370540.0,3665981.0,3579410.0,3807773.0,3677867.0,3936602.0,4350000.0,5040000.0,5820000.0,5490000.0,5830000.0,5310000.0,6400000.0,5870000.0,5500000.0,4440000.0,,AU
SUNCORP GROUP,AU000000SUN6,,,,,,,,,,,,,7443.0,6832.0,6584.0,6311.0,5926.0,5306.0,7073.0,8646.0,2739.0,2137.0,1826.0,1543.0,1811.0,1701.0,1286.0,AU
TABCORP HOLDINGS,AU000000TAH8,,,,,,,,,,,,,9641.0,,1711.0,1807.0,1969.0,1978.0,2021.0,3892.0,5219.0,4523.0,2668.0,3265.0,3375.0,3509.0,3108.0,AU
TRANSURBAN GROUP STAPLED UNITS,AU000000TCL6,,,,,,,,,117.0,212.0,231.0,143.0,117.55,143.0,147.0,149.0,1944.0,2020.0,2746.0,4189.0,3393.0,4213.0,4598.0,5300.0,5923.0,6072.0,5845.0,AU
TELSTRA GROUP,AU000000TLS2,,,,,,,154381.0,149075.0,123051.0,100440.0,89952.0,81803.0,55137.0,53587.0,53645.0,52537.0,52003.0,50628.0,52680.0,55131.0,47204.0,36905.0,33085.0,31869.0,30738.0,33167.0,,AU
WESTPAC BANKING,AU000000WBC1,,,,,,,,,,6316.0,10963.0,9565.0,21463.0,10277.0,10663.0,10270.0,10830.0,11102.0,9274.0,9824.0,9260.0,7594.0,7851.0,7297.0,6559.0,6262.0,4714.0,AU
WORLEY,AU000000WOR2,,,,,,,,,,,,,34774.0,39209.0,,,,19118.0,11602.0,10614.0,32119.0,36928.0,25555.0,22238.0,22334.0,23963.0,24485.0,AU
WOOLWORTHS GROUP,AU000000WOW2,,,,,,,,748825.0,,622241.0,472983.0,485985.0,398653.0,383871.0,512855.0,498030.0,525635.0,1301505.0,667238.0,663699.0,574831.0,477376.0,425836.0,495276.0,482624.0,463027.0,442289.0,AU
AMPOL,AU0000088338,,,,,,,1800000.0,,,1887665.0,1887670.0,1817630.0,1869330.0,1849424.0,1849610.0,1704466.0,938697.0,733537.0,737663.0,739832.0,673668.0,576611.0,551804.0,727358.0,683969.0,725975.0,,AU
WOODSIDE ENERGY GROUP,AU0000224040,,,,,,,,,,,8979762.0,8304547.0,7890419.0,8402000.0,9184000.0,9822000.0,9974000.0,10084000.0,9883000.0,9767000.0,8840000.0,9170000.0,8901000.0,9565000.0,9165000.0,9872000.0,,AU
CHINA VANKE 'A',CNE0000000T2,,,,,,,,,,,,,,,,2102.0,,,2019.5,4378.0,3860.2,2944.24,9472.4,25313.91,7807.32,14570.2,,CN
CHINA INTL.MAR.CTRS. (GP.) 'A',CNE000000644,,,,,,,,,,,,,,,,,,,,,150133.57,180957.98,206638.8,175038.31,192834.47,257110.77,,CN
INNER MONGOLIA YITAI COAL 'B',CNE000000SK7,,,,,,,,,,,,,,,,,,,7393700.0,12424600.0,15199600.0,14284200.0,14884400.0,12995600.0,13902100.0,14725500.0,,CN
ZTE 'A',CNE000000TK5,,,,,,,,,,,,,,,3014.09,,,,,1931.02,2102.6,18676.16,79182.39,43082.89,45218.37,43102.16,,CN
CHINA EASTERN AIRL. 'A',CNE000000TR0,,,,,,,,,,,,,,,,,,,,20884700.0,22622900.0,13842500.0,15735725.73,9823642.37,20124649.29,23816108.43,,CN
CHINA MOLYBDENUM 'H',CNE100000114,,,,,,,,,,,,,,,,,,,500000.0,470000.0,480000.0,530000.0,360000.0,760000.0,1070000.0,1340000.0,,CN
SHANDONG WEIGAO GP MEDICAL POLYMER 'H',CNE100000171,,,,,,,,,,,,,,,,,,,1841.0,828.0,1843.73,2478.28,2846.48,2978.68,2704.87,3096.38,,CN
CHINA CITIC BANK 'H',CNE1000001Q4,,,,,,,,,,,,,,,,,,,7350.59,7474.59,7118.49,5939.02,6668.93,7919.26,7706.45,6777.72,,CN
AIR CHINA 'H',CNE1000001S0,,,,,,,,,,,,,,,,17114100.0,19312400.0,20059000.0,21707000.0,23543000.0,23248000.0,14850000.0,15218000.0,9823000.0,22608000.0,27677000.0,,CN
ALUMINUM CORPORATION OF CHINA 'H',CNE1000001T8,,,,,,,,,,,,,,,,,,,,73314000.0,66996800.0,61012300.0,57206600.0,69200000.0,66773600.0,68701400.0,,CN
ANHUI EXPRESSWAY 'H',CNE1000001X0,,,,,,,,,,,,,,,,,,,,,1824.5,1448.5,1312.12,913.21,60059.12,67936.86,,CN
BANK OF CHINA 'H',CNE1000001Z5,,,,,,,,,,,,,,,,,2374.0,2371.0,2174.0,2081.0,88718.0,77214.0,79309.0,74899.0,84740.0,77288.0,,CN
BEJ.CAPI.ARPT.'H',CNE100000221,,,,,,,,,,,,,,,,,1413.05,1247.15,,,,,798.42,776.88,733.1,667.77,,CN
CHINA CON.BANK 'H',CNE1000002H1,,,,,,,,,,,,,,,,,3666.77,4100.19,18576.91,17518.07,115242.34,88906.1,127378.31,69497.11,63928.61,63760.24,,CN
COSCO SHIPPING HDG.'H',CNE1000002J7,,,,,,,,,,,,,,,,,,,,16185229.0,21628890.0,21147901.0,22284594.0,20849275.0,19906698.0,21964626.0,,CN
CHINA LIFE INSURANCE 'H',CNE1000002L3,,,,,,,,,,,,,,,,,,,1011.07,4692.91,22837.13,61770.86,56112.28,48385.05,49860.25,49125.96,,CN
CHINA NATIONAL BUILDING MATERIAL 'H',CNE1000002N9,,,,,,,,,,,,,,,,,,,,,255161300.0,257096124.0,250660000.0,216670000.0,192100000.0,157353306.0,,CN
CHINA PTL.& CHM. 'H',CNE1000002Q2,,,,,,,,,,,,,,,,,,,123050000.0,128570000.0,125680000.0,128580000.0,148380000.0,137720000.0,142280000.0,139090000.0,,CN
CHINA SHENHUA EN.CO.'H',CNE1000002R0,,,,,,,,,,,,,,,,,,,220590000.0,245770000.0,151510000.0,126880000.0,153330000.0,172390000.0,188790000.0,196560000.0,,CN
CHINA SOUTHERN AIRL.'H',CNE1000002T6,,,,,,,,,,,,,,,,18940000.0,21310000.0,23163100.0,25124200.0,26901400.0,28360300.0,19318000.0,19108600.0,14327500.0,25696200.0,29037100.0,,CN
CHINA TELECOM 'H',CNE1000002V2,,,,,,,,,,,,,,,,,,,290000.0,280000.0,210000.0,210000.0,280000.0,200000.0,170000.0,140000.0,,CN
DGI.PWG.'H',CNE1000002Z3,,,,,,,,,,,,,,,,,,,,377600000.0,198450000.0,232900000.0,200670000.0,191860000.0,196860000.0,210817900.0,,CN
DONGFANG ELECTRIC 'H',CNE100000304,,,,,,,,,,,,,,,,,,,,,265000.0,252000.0,60000.0,85000.0,81000.0,85000.0,,CN
HUADIAN POWER INTERNATIONAL 'H',CNE1000003D8,,,,,,,,,,,,,,,,,,,146960000.0,164309000.0,167858000.0,152623000.0,171966000.0,169967000.0,,,,CN
INDL&COML.BOC.'H',CNE1000003G1,,,,,,,,,,,,,,,,,,5026.0,,,,124200.0,129600.0,97400.0,100600.0,99600.0,,CN
JIANGXI COPPER 'H',CNE1000003K3,,,,,,,,,,,,,,,,,,,329430.5,350406.2,427239.0,282300.0,288100.0,272200.0,263100.0,247100.0,,CN
MAANSHAN IRON & STL.'H',CNE1000003R8,,,,,,,,,,,,,,,,,,,,,34386221.0,35445774.0,34833015.0,33291600.0,35801900.0,34118400.0,,CN
PETROCHINA 'H',CNE1000003W8,,,,,,,,,,,,,,,,,,,,,132170000.0,127570000.0,121390000.0,119680000.0,124660000.0,122760000.0,,CN
PING AN INSURANCE (GROUP) OF CHINA 'H',CNE1000003X6,,,,,,,,,,,,,,,,,,,3774.0,3774.0,7156.0,2114.51,6121.76,17964.0,35990.0,28158.0,,CN
SHANGHAI ELEC.GP.CO.'H',CNE100000437,,,,,,,,,,,,,,,,,,,,,123481.0,149943.0,137200.0,99639.35,80450.61,86106.17,,CN
TSINGTAO BREWERY 'H',CNE1000004K1,,,,,,,,,,,,,,,,,,,,,310871.0,264024.0,235455.0,188948.0,211748.0,190388.0,,CN
ZHEJIANG EXPRESSWAY 'H',CNE1000004S4,,,,,,,,,,,,,,,,,,2952.52,3041.03,3378.0,3888.0,4141.0,4984.0,12227.8,9549.8,11470.96,,CN
ZIJIN MINING GROUP 'H',CNE100000502,,,,,,,,,,,,,,,,,350158.72,397756.0,457811.0,735878.0,2020000.0,2540000.0,2810000.0,3140000.0,3650000.0,2890000.0,,CN
GUANGZHOU R&F PROPS.'H',CNE100000569,,,,,,,,,,,,,,,,,,880.7,11355.0,32981.0,111283.0,106252.0,124534.0,93181.0,106297.0,100316.0,,CN
PICC PROPERTY & CLTY.'H',CNE100000593,,,,,,,,,,,,,,,,,,,,137.8,177.3,195.25,197.86,156.38,169.44,182.33,,CN
HUANENG POWER INTERNATIONAL 'H',CNE1000006Z4,,,,,,,,,,,,,,,,,,251160300.0,335593000.0,348105100.0,336154200.0,333288800.0,,,377073000.0,,,CN
ICT.TUNGGAL PRAKARSA,ID1000061302,,,,,,,,,,,,,,,,14065215.12,13336942.08,,,12778534.0,12158300.0,10649536.0,11100000.0,10000000.0,11050000.0,11293218.0,,ID
BUKIT ASAM,ID1000094006,,,,,,,,,,,,137796.0,132254.0,133160.0,418960.0,225538.0,,,,344030.12,408407.61,386531.0,468216.0,710834.0,904688.24,959697.45,,ID
BANK MANDIRI,ID1000095003,,,,,,,,,,,,,,,,,,,,,75640.0,61105.0,64319.0,42698.0,43077.0,46741.0,,ID
UNILEVER INDONESIA,ID1000095706,,,,,,,,,,,,,,,,,,,,,20327.26,16518.22,20858.4,16516.7,14662.9,10960.41,,ID
ANEKA TAMBANG,ID1000106602,,,,,,,,,,,,,,,,1982471.0,144150.0,792092.0,1066040.0,1146142.04,1101671.68,1178810.1,1123670.99,1546945.0,1462198.81,1187923.99,,ID
SEMEN INDONESIA (PERSERO),ID1000106800,,,,,,,,,,,,,,,,18225022.0,17533333.0,21184977.0,20654528.0,21589455.0,27959111.0,25359445.0,24455835.0,42639714.0,49807991.0,48974371.0,,ID
INDO TAMBANGRAYA MEGAH,ID1000108509,,,,,,,,,,,,,,1298567.13,1176200.0,1175640.94,1720506.54,1930476.78,1915383.96,2380828.0,1952662.0,,,777437.0,916458.0,1028526.0,,ID
LIPPO KARAWACI,ID1000108905,,,,,,,,,,,,,,,,,,,,,4560.0,5000.0,2650.0,12270.0,18590.0,11330.0,,ID
PERUSAHAAN GAS NEGARA,ID1000111602,,,,,,,,,,,,,,,40710.0,52324.7,52560.58,46445.68,77514.8,68593.06,62766.36,63985.91,44581.83,640609.05,629179.28,623788.12,,ID
ASTRA INTERNATIONAL,ID1000122807,,,,,,,,,,,,,,,,,,,,,4518879.0,3932948.0,3875278.0,4387685.0,4604076.0,4642016.0,,ID
KALBE FARMA,ID1000125107,,,,,,,,,,,,,,,,,,,13879.84,12916.9,14629.27,14233.29,20895.94,24392.2,18484.77,19895.14,,ID
NIPPON BUILDING FUND,JP3027670003,,,,,,,,,,,,,,,,,13884.0,7371.0,8218.0,7701.0,13858.0,12902.0,11756.0,4819.0,4354.0,3897.0,,JP
JAPAN REAL ESTATE INV.,JP3027680002,,,,,,,,,,,,,,,6348.0,5895.0,6154.0,6767.0,6504.0,,3208.0,3208.0,3304.0,3011.0,2785.0,2659.0,2627.0,JP
JAPAN PRIME REALTY INV.,JP3040890000,,,,,,,,,,,,,,,,,,3973.0,3213.0,3228.0,1331.0,1293.0,1212.0,1233.0,1440.0,,,JP
AISIN,JP3102000001,,,,,,,,,,,,,,,,,,,,,790000.0,630904.0,577100.0,602011.0,533137.0,525133.0,498805.0,JP
ASAHI KASEI,JP3111200006,,,,,,,,,,,4904598.0,,,,,,,,2840000.0,3100000.0,3180000.0,2961401.0,2906814.0,3080947.0,2853917.0,2386214.0,,JP
AGC,JP3112000009,,,,,,,,,,,8020000.0,,9220000.0,5480000.0,5270000.0,5320000.0,4930000.0,5290000.0,5074000.0,5300000.0,6200000.0,6469000.0,6880000.0,5968000.0,5852000.0,5781404.0,,JP
ASAHI GROUP HOLDINGS,JP3116000005,,,,,,,,,,,241791.0,235300.0,258000.0,262000.0,,362581.0,360934.0,366914.0,360681.0,463000.0,492000.0,463000.0,494000.0,492000.0,476000.0,462681.0,,JP
ASICS,JP3118000003,,,,,,,,,,2344.0,2286.0,2231.0,5563.0,6116.0,6010.0,6236.0,5664.0,4835.0,4461.0,4002.0,3848.0,2873.0,3082.0,3034.0,3116.0,3262.0,,JP
AJINOMOTO,JP3119600009,,,,,,,,,,,1500000.0,1387000.0,1403000.0,1430000.0,1334000.0,1283000.0,1167816.0,1251654.0,1270429.0,1244676.0,1196969.0,1013315.0,1008811.0,1005363.0,973780.0,767084.0,675022.0,JP
ADVANTEST,JP3122400009,,,,,,,,,,,,1896.0,1816.1,3001.31,2954.02,4093.0,3755.0,3880.0,3824.0,3811.0,4680.0,4480.0,3810.0,3750.0,3450.0,2480.0,,JP
ALFRESA HOLDINGS,JP3126340003,,,,,,,,,,,,,,,,,,,40854.0,38750.0,36059.0,32912.0,35109.0,33101.0,32399.0,32904.0,31360.0,JP
ALPS ALPINE,JP3126400005,,,,,,,,,,,,11061.0,,8496.0,9074.0,,,,,,19525.0,44174.0,31985.0,43973.0,16770.0,13617.0,13981.0,JP
AEON MALL DEAD - DELIST.27/06/25,JP3131430005,,,,,,,,,,,,,,,,,,,13731.0,15977.0,15271.0,13840.0,14627.0,16721.0,14293.0,,,JP
IHI,JP3134800006,,,,,,,,,,,,,,,76028.0,,,,,,80032.0,64724.0,58517.0,64270.0,61469.0,65033.0,,JP
ISUZU MOTORS,JP3137200006,,,,,,,,,,,,,,,,,,,,,127933.0,126547.0,114195.0,128074.0,196182.0,182536.0,172302.0,JP
ITO EN,JP3143000002,,,,,,,,,,,,,,,,,,,,,33000.0,24000.0,33000.0,32000.0,30000.0,41000.0,,JP
ITOCHU,JP3143600009,,,,,,,,,,,,,,,,,,74962.0,86536.0,1540041.0,1213395.0,1202508.0,1522339.0,1484602.0,1166000.0,1062488.0,1086653.0,JP
IBIDEN,JP3148800000,,,,,,,,,,,,246000.0,283000.0,237000.0,182000.0,147000.0,124000.0,127000.0,134000.0,134000.0,144000.0,142000.0,155000.0,183000.0,177000.0,163000.0,,JP
USHIO,JP3156400008,,,,,,,,,,,,,,,,,3027.0,3543.0,3810.0,4083.0,3993.0,4006.0,3674.0,4260.0,3982.0,3478.0,3446.0,JP
UBE,JP3158800007,,,,,,,,1662000.0,,,,10200000.0,,,,,,11530000.0,11320000.0,11330000.0,11250000.0,11400000.0,10690000.0,3790000.0,3390000.0,3140000.0,,JP
EISAI,JP3160400002,,,,,,,,,,,,,,,,,37519.0,29698.0,41154.0,42748.0,45452.0,49457.0,45009.0,46534.0,47507.0,48586.0,,JP
RENESAS ELECTRONICS,JP3164720009,,,,,,,676000.0,686000.0,706000.0,686000.0,631000.0,331000.0,,,,,,,53.0,221166.0,183359.0,172427.0,198116.0,196261.0,156403.0,125385.0,,JP
NOK,JP3164800009,,,,,,,,,,,,47940.0,37200.0,48760.0,44673.0,,,,,8000.0,46000.0,43000.0,38000.0,41000.0,39000.0,36000.0,,JP
NTN,JP3165600002,,,,,,,245223.0,270000.0,,,,69083.0,93731.19,,103762.0,,103640.0,97263.0,96734.0,102666.0,105284.0,93000.0,86000.0,106000.0,101000.0,91000.0,,JP
NTT DATA GROUP DEAD - DELIST.26/09/25,JP3165700000,,,,,,,,,20000.0,6000.0,6000.0,6000.0,4986.0,5877.0,5907.0,8764.0,6072.0,6073.0,10547.0,8802.0,8851.0,9057.0,7241.0,24495.0,50848.0,39507.0,,JP
EBARA,JP3166000004,,,,,,,,,,,,17206.0,,,,9888.0,10543.0,,,,,179000.0,204000.0,152000.0,86000.0,71000.0,,JP
LEOPALACE21,JP3167500002,,,,,,,,,,,,,,,,,,18900.0,16469.0,15696.0,14730.0,52.18,3473.0,3284.0,3135.0,6247.0,,JP
OKUMA,JP3172100004,,,,,,,,,,,,,,,,,,,,,6800.0,6500.0,5000.0,7700.0,8600.0,7300.0,,JP
OBIC,JP3173400007,,,,,,,,,,,,,,,,,,,,307.0,282.0,300.0,166.0,156.0,217.0,218.0,,JP
OJI HOLDINGS,JP3174410005,,,,,,,6352000.0,5884000.0,5353000.0,5279000.0,4934000.0,,,,,5744000.0,6191000.0,6364000.0,6587000.0,6595000.0,6394000.0,6323000.0,6267000.0,6398000.0,6399000.0,5890000.0,5791000.0,JP
OSAKA GAS,JP3180400008,,,,,,,,,,,1986540.0,2768333.0,3599582.0,,,4003000.0,3916764.0,3857405.0,4089712.0,4888261.0,5051823.0,4659553.0,5215428.0,4526038.0,4405987.0,4441258.0,4439629.0,JP
OBAYASHI,JP3190000004,,,,,,,,175491.0,,,,114900.0,135000.0,135000.0,148500.0,145500.0,159500.0,163600.0,135600.0,151300.0,127600.0,258800.0,221200.0,146656.0,283753.0,219729.0,,JP
OKI ELECTRIC IND.,JP3194000000,,,,,,,389000.0,310000.0,,,,,,,11600.0,12100.0,12000.0,11000.0,16000.0,15300.0,10300.0,9650.0,9750.0,9730.0,8500.0,8100.0,,JP
ONO PHARM.,JP3197600004,,,,,,,,,,,,,,,21700.0,,,,,8500.0,9500.0,10100.0,10100.0,9830.0,8200.0,6700.0,,JP
OMRON,JP3197800000,,,,,,94247.0,125690.0,,,,,66692.0,,51203.0,37039.0,48457.0,62636.0,72485.0,50873.0,67851.0,43826.0,34394.0,20047.0,13749.0,4177.0,3727.0,,JP
ORIENTAL LAND,JP3198900007,,,,,,,,,,,,,,,,,,,60000.0,60000.0,62000.0,52000.0,46000.0,48000.0,74866.0,71424.0,63988.0,JP
ORIX,JP3200450009,,,,,,,,,,,251900.0,,,231852.0,287405.0,287405.0,236214.0,235780.0,225599.0,235249.0,907345.0,1138566.0,987771.0,1044892.0,981519.0,991233.0,942714.0,JP
OLYMPUS,JP3201200007,,,,,,,,,,,,35031.0,88215.0,26266.0,24307.0,19849.0,13583.0,13564.0,26851.0,30124.0,27557.0,27893.0,28427.0,30185.0,28935.0,25365.0,24120.0,JP
KAO,JP3205800000,,,,,,,,,608500.0,,,641400.0,664800.0,668200.0,629000.0,657000.0,667000.0,649000.0,653000.0,652000.0,644000.0,616000.0,605000.0,595000.0,539000.0,503000.0,,JP
CASIO COMPUTER,JP3209000003,,,,,,,,,,,,24916.0,,3709.9,2743.3,6043.2,5729.3,5483.1,5619.2,5670.1,5268.0,4572.0,3618.5,3477.1,3384.8,3556.9,,JP
KAJIMA,JP3210200006,,,,,,,,217768.0,322874.0,301000.0,312000.0,165000.0,136000.0,161276.0,159000.0,173000.0,204000.0,204000.0,185000.0,190000.0,205000.0,170000.0,124000.0,245000.0,291000.0,271000.0,283000.0,JP
KAWASAKI KISEN KAISHA,JP3223800008,,,,,,,11462527.0,12027651.0,13238804.0,14150040.0,,,,,12351608.0,,,13267268.0,12971192.0,13417625.0,12536134.0,10325224.0,9202613.0,6583464.0,6649847.0,6550995.0,,JP
KAWASAKI HEAVY INDUSTRY,JP3224200000,,,,,,277780.0,285652.0,292902.0,314073.0,312567.0,160734.0,110942.0,,142755.0,138485.0,,,176000.0,179000.0,176000.0,162000.0,168956.0,139502.0,134855.0,136736.0,135163.0,142390.0,JP
KANSAI ELECTRIC PWR.,JP3228600007,,,,36840000.0,36840000.0,,,,,,51730000.0,,,,,,45710000.0,41800000.0,39490000.0,32814000.0,28657000.0,26632000.0,28572000.0,23771000.0,23048000.0,19878000.0,,JP
CANON,JP3242800005,,,,675000.0,,1528000.0,854000.0,950000.0,,,,,184630.0,145283.0,128068.0,176894.0,169974.0,164769.0,174342.0,160520.0,151504.0,122514.0,142655.0,159899.0,161639.0,197992.0,,JP
CANON MARKETING JAPAN,JP3243600008,,,,,,,,,,,,,,,,,8490.0,8339.0,8339.0,7864.0,7275.0,5765.0,5800.0,6017.0,5665.0,5451.0,,JP
KYUSHU ELEC.POWER,JP3246400000,,,,,,,9000.0,1100000.0,,,,,,,,,,27500000.0,27500000.0,26400000.0,17560000.0,19040000.0,22110000.0,17490000.0,23690000.0,17790000.0,17390000.0,JP
KYOCERA,JP3249600002,,,,,,,,,,,,,,,,,,,133440.0,127270.0,122851.0,162899.0,128088.0,134684.0,122710.0,115672.0,,JP
KYOWA KIRIN,JP3256000005,,,,,,684000.0,,,,,804000.0,690000.0,,,67695.0,66155.0,64706.0,64652.0,68711.0,68027.0,17244.0,17185.0,16402.0,16221.0,16780.0,16133.0,,JP
KIRIN HOLDINGS,JP3258000003,,,,,,,,,,,934101.0,902923.0,466558.0,536692.0,,369000.0,391000.0,401000.0,371897.0,377216.0,377000.0,357000.0,353000.0,361479.0,353404.0,,,JP
KINTETSU GROUP HDG.,JP3260800002,,,,,,,,,,,,33249.0,,36559.0,36613.0,,,,58191.0,59772.0,57884.0,53285.0,46881.0,40141.0,77233.0,126730.0,,JP
KUBOTA,JP3266400005,,,,,,,293000.0,321000.0,,,,272000.0,249200.0,462280.0,292000.0,325000.0,363000.0,313000.0,299000.0,316000.0,310000.0,291000.0,309000.0,302000.0,284000.0,243000.0,,JP
MEDIPAL HOLDINGS,JP3268950007,,,,,,,,,,,,,,,,,,,,37319.03,36032.17,34101.88,33458.44,30700.0,28439.0,31081.0,,JP
KURARAY,JP3269600007,,,,,,,1161000.0,1100000.0,,,,,,1147100.0,1078000.0,1763766.0,1173000.0,1186000.0,1224000.0,2000000.0,2060000.0,2045000.0,1973000.0,1877000.0,1748000.0,1917000.0,,JP
KURITA WATER IND.,JP3270000007,,,,,,,12966.3,12207.41,,,,,,,,,,,29266.0,6000.0,10000.0,26000.0,14000.0,14000.0,13000.0,13000.0,,JP
GLORY,JP3274400005,,,,,,,,,,,,,,,,,,,1046.0,1059.0,3110.0,3016.0,2816.0,2744.0,18069.0,18105.0,,JP
GUNMA BANK,JP3276400003,,,,,,,,,,,,,,,,,,,,,1618.0,1679.0,1526.0,1609.0,1544.0,1382.0,,JP
KOSE HOLDINGS,JP3283650004,,,,,,,,,,,,,,,,,,,,8554.1,7793.7,7276.0,7270.0,6405.84,5991.2,5509.9,,JP
KOBE STEEL,JP3289800009,,,,,,,,,,,,16437800.0,17984000.0,17213000.0,16243000.0,,,,17500000.0,17700000.0,16400000.0,15600000.0,14500000.0,15300000.0,14700000.0,14700000.0,14230412.0,JP
COCA-COLA BOTTLERS JAPAN HOLDINGS,JP3293200006,,,,,,,,,,,,,,98957.0,,,,,378273.0,224332.0,191551.0,188330.0,188371.0,190313.0,192795.0,186383.0,,JP
INPEX,JP3294460005,,,,,,,,,,,,425100.0,396091.0,466568.0,485041.0,608334.0,550454.0,733100.0,377426.0,584309.0,8887000.0,7630000.0,6658000.0,6339000.0,6622000.0,6614000.0,,JP
KONICA MINOLTA,JP3300600008,,,,,,,,132181.0,,346000.0,455900.0,103210.0,,,171677.0,164000.0,171425.0,167360.0,162195.0,175266.0,169835.0,166845.0,147379.0,158938.0,151422.0,147677.0,,JP
KOMATSU,JP3304200003,,,,,,,,183228.0,,,152000.0,93625.0,167900.0,147696.0,123754.0,111200.0,104900.0,90800.0,92000.0,116200.0,114400.0,128000.0,104100.0,123000.0,128000.0,108000.0,94000.0,JP
YOKOHAMA FINANCIAL GROUP,JP3305990008,,,,,,,,,,,,,,,,,,825.0,818.0,783.0,958.0,975.0,912.0,848.0,843.0,782.0,885.0,JP
SUMCO,JP3322930003,,,,,,,,,,,,,,,,,21000.0,22000.0,23000.0,25000.0,26000.0,25000.0,27000.0,28000.0,86000.0,87000.0,,JP
SANKYO,JP3326410002,,,,,,,,,,,,,,,,,,,,1338.0,1198.0,1102.0,998.0,973.0,959.0,935.0,,JP
SANTEN PHARM.,JP3336000009,,,,,,,,,,,,,,,,,,,16623.0,16811.0,17018.0,15296.0,14860.0,14820.0,16948.0,17021.0,17372.0,JP
SYSMEX,JP3351100007,,,,,,,,,,,,,,,,,,,,3410.0,4447.0,4093.0,4034.0,4023.0,13986.0,13925.0,13449.0,JP
SHISEIDO,JP3351600006,,,,,,,,,,,,21552.0,23198.0,23227.0,30202.0,26802.0,48009.0,31638.0,31332.0,27632.0,27036.0,25968.0,28744.0,23912.0,21105.0,17825.0,,JP
CITIZEN WATCH,JP3352400000,,,,,,,,,,,,,,,,,,21088.0,22513.0,22737.0,22092.0,19763.0,16770.0,18383.0,18487.0,17201.0,,JP
SHIMADZU,JP3357200009,,,,,,,,,21106.0,19695.0,6642.0,5846.0,4668.16,3287.0,,,4000.0,4000.0,3000.0,4000.0,4000.0,3000.0,2000.0,2243.0,2330.0,2624.0,,JP
SHIMANO,JP3358000002,,,,,,,,,,,,,,,,,,,,,10379.0,18465.0,21764.0,18148.0,10356.0,9900.0,,JP
SHIMAMURA,JP3358200008,,,,,,,,,,,,,,,,,1458.0,1006.0,868.0,730.0,653.0,561.0,561.0,764.0,775.0,744.0,,JP
SHIMIZU,JP3358800005,,,,,,,,,,,,164731.0,195816.0,,221457.0,,,,,,234209.0,191440.0,153344.0,197818.0,153596.0,222395.0,214168.0,JP
SHARP,JP3359600008,,,,,,,,,1412466.0,1803101.0,1733006.0,405965.0,380000.0,308000.0,265000.0,361000.0,191000.0,153000.0,149000.0,264000.0,265000.0,252000.0,270000.0,279000.0,331000.0,290000.0,260000.0,JP
MITSUI OSK LINES,JP3362700001,,,,,,,,,,,,18708290.0,20073240.0,18627000.0,19053000.0,18860000.0,18803000.0,18676000.0,18203000.0,17774000.0,12199000.0,11136501.0,9831022.0,10740429.0,10858677.0,10779837.0,,JP
RESONAC HOLDINGS,JP3368000000,,,,,,,,,,,,,,,3079000.0,3104000.0,3130000.0,3184000.0,3115000.0,3156000.0,3562000.0,3408000.0,3481000.0,3387000.0,3292000.0,3300000.0,,JP
SHIN-ETSU CHEMICAL,JP3371200001,,,,,,,,,1264151.0,1247510.0,1130020.0,1139046.0,1213398.0,1397314.0,1390679.0,1218402.0,1401137.0,1593000.0,1650000.0,1734000.0,1696000.0,1890000.0,2111000.0,2077000.0,2246000.0,2242000.0,2326000.0,JP
SHINKO ELEC.INDS. DEAD - DELIST.06/06/25,JP3375800004,,,,,,,,,,,,,,,30546.0,32442.0,38660.0,37660.0,35769.8,37550.8,38472.0,38556.0,45131.0,48076.0,44135.0,45737.0,,JP
NIPPON STEEL,JP3381000003,,,,,,,,,,,,,,,,,,89000000.0,89000000.0,86000000.0,81337000.0,78693000.0,63170000.0,71311000.0,63403000.0,64020000.0,63672000.0,JP
GS YUASA,JP3385820000,,,,,,,,,,,13190.0,14510.0,17627.0,18505.0,14898.0,15333.0,21924.0,,22914.0,23165.0,73273.0,66181.0,63867.0,67085.0,64841.0,57838.0,58153.0,JP
J S R DEAD - DELIST.25/06/24,JP3385980002,,,,,,,,,825000.0,,,,,388000.0,,,430136.0,411785.0,431489.0,418037.0,440000.0,408000.0,399000.0,357000.0,34000.0,,,JP
JFE HOLDINGS,JP3386030005,,,,,,,,,,,,,,,,,,54700000.0,55000000.0,54900000.0,52300000.0,52900000.0,46600000.0,51900000.0,49000000.0,47400000.0,,JP
JAFCO GROUP,JP3389900006,,,,,,,,,,,,,,,,,,,,9.1,9.3,6.1,3.0,4.2,11.2,12.2,,JP
SUZUKI MOTOR,JP3397200001,,,,,,,,,,,,,,,,180000.0,630000.0,550000.0,610000.0,650000.0,620000.0,530000.0,380000.0,400000.0,420000.0,410000.0,410000.0,JP
SUMITOMO OSAKA CEMENT,JP3400900001,,,,,,,,,,,,,,,,,,,9150000.0,9390000.0,9280000.0,9050000.0,8700000.0,8810000.0,8230000.0,7540000.0,7307000.0,JP
SUMITOMO CHEMICAL,JP3401400001,,,,,,3922000.0,4774000.0,4644000.0,4728000.0,4680000.0,4659000.0,4533000.0,6630000.0,,,2397000.0,2403000.0,1437000.0,1294000.0,6678000.0,6065000.0,6169000.0,6346000.0,6592000.0,5673000.0,4262000.0,4836000.0,JP
SUMITOMO METAL MINING,JP3402600005,,,,,,,,,1441000.0,,,1220000.0,1199000.0,1342000.0,1308730.0,1594000.0,2330000.0,2085000.0,1785000.0,1858000.0,1839000.0,1943000.0,1877000.0,1786000.0,1965000.0,1830000.0,,JP
SUMITOMO,JP3404600003,,,,,,,,,,,,,,,,,,,64859.0,934276.0,939346.0,792000.0,1527000.0,1621000.0,1528000.0,4530000.0,6666000.0,JP
SUMITOMO HEAVY INDS.,JP3405400007,,,,,,,,,,21700.0,21000.0,15800.0,,,,,,,,36252.29,37674.0,39765.0,36572.0,38419.0,36272.0,31601.0,,JP
SUMITOMO ELECTRIC IND.,JP3407400005,,,,,,,,,,,,207000.0,225000.0,186800.0,193243.0,,,,,,,333000.0,327000.0,343000.0,305000.0,288000.0,,JP
SUMITOMO REAL.&DEV.,JP3409000001,,,,,,,,,,,,,,,,,,,,17487.0,18916.0,42445.0,41447.0,44000.0,44000.0,43000.0,,JP
SEIKO EPSON,JP3414750004,,,,,,833945.0,,,,,,,,,181855.0,107892.0,116061.0,116826.0,132885.0,136734.0,127737.0,122263.0,124929.0,124724.0,159196.0,126195.0,,JP
SEINO HDG.,JP3415400005,,,,,,,,,,,,,,,,,,,,,418565.0,403767.0,397519.0,396730.0,378524.0,371364.0,,JP
SEGA SAMMY HDG.,JP3419050004,,,,,,,,,,,,,,,,13958.0,13485.0,10658.0,8613.0,8712.0,7199.0,5782.0,6093.0,7049.0,6620.0,5801.0,1046.0,JP
SEKISUI CHEMICAL,JP3419400001,,,,,,,,,,195936.0,182218.0,178910.0,396490.0,178832.0,155323.2,,,140210.0,,,203000.0,212000.0,203000.0,220000.0,187000.0,183000.0,184000.0,JP
SEKISUI HOUSE,JP3420600003,,,,,,,,,,234720.0,,114633.0,122977.0,113490.0,71144.65,,80000.0,86000.0,80000.0,77000.0,73000.0,71000.0,86000.0,52917.0,55483.0,50371.0,42919.0,JP
JAPAN PETROLEUM EXP.,JP3421100003,,,,,,,,,,,,276439.0,256768.0,220687.0,221286.0,198164.0,190835.0,177942.0,190581.0,526043.0,714223.0,771882.0,741000.0,554000.0,217000.0,217000.0,184000.0,JP
SECOM,JP3421800008,,,,,,,,,,,,,,,,,,,56050.0,55408.15,63404.94,68472.86,60908.8,58832.48,56405.3,53858.45,,JP
ANA HOLDINGS,JP3429800000,,,,,,7000000.0,6700000.0,6700000.0,8109000.0,8440000.0,8153000.0,7590000.0,7990000.0,8390000.0,9110000.0,9480000.0,10209000.0,10653000.0,11180000.0,11520000.0,11470000.0,12373420.0,5414000.0,7695000.0,9354000.0,10579000.0,11279000.0,JP
SONY GROUP,JP3435000009,,,,807854.0,737162.0,716899.0,717045.0,677866.0,545057.0,525791.0,464753.0,370050.0,361183.0,353459.0,301221.0,304244.0,289420.0,299975.0,267288.0,234291.0,187000.0,188000.0,203000.0,211000.0,230000.0,241000.0,235000.0,JP
SOFTBANK GROUP,JP3436100006,,,,,,,,,,,,,,,,,,,,11386.0,11456.0,15803.0,15416.0,12052.0,15127.0,7477.0,,JP
SBI HDG.,JP3436120004,,,,,,,,,,,,,,,,,,,,14.0,108.0,107.0,85.0,1299.0,1482.0,1206.0,1071.0,JP
TAISEI,JP3443600006,,,,,,292000.0,294000.0,,,,181974.0,166000.0,129000.0,135109.0,118100.0,163000.0,124000.0,128000.0,215000.0,252000.0,284000.0,279000.0,242000.0,245000.0,217000.0,218000.0,,JP
TAIHEIYO CEMENT,JP3449020001,,,,,,15977000.0,15326000.0,36100000.0,16466711.0,15401000.0,35566840.0,13825000.0,12802000.0,11274000.0,12349000.0,14750000.0,,,,22315000.0,22537000.0,25000000.0,24029000.0,23679000.0,20065000.0,19007000.0,19790000.0,JP
TAIYO YUDEN,JP3452000007,,,,,,,,,,46000.0,40000.0,36000.0,37393.0,39000.0,36200.0,30218.0,33880.0,33810.0,33760.0,30240.0,34400.0,39000.0,42000.0,44000.0,42000.0,52000.0,58000.0,JP
TAKASHIMAYA,JP3456000003,,,,,,,,,,,,,,,15545.0,,,,,,12153.0,24953.0,21055.0,20197.0,19910.0,18905.0,,JP
TAKEDA PHARMACEUTICAL,JP3463000004,,,,,,,,,,,211753.0,147880.0,171978.0,,,,,161000.0,161000.0,160000.0,195058.0,333000.0,293000.0,316000.0,277000.0,279000.0,273000.0,JP
DAIICHI SANKYO,JP3475350009,,,,,,,,,,,,179102.0,159291.0,124796.0,130279.0,135964.0,123960.0,119165.0,115474.0,108106.0,100503.0,93934.0,87252.0,89405.0,86006.0,85245.0,,JP
DAIKIN INDUSTRIES,JP3481800005,,,,,,,,,,,,580645.0,443901.0,1151691.41,936958.0,,,,1010000.0,760000.0,690000.0,687000.0,550000.0,600000.0,547000.0,524000.0,514000.0,JP
DAICEL,JP3485800001,,,,,,,,,,,,,,,,,,,,1769000.0,1736000.0,1686000.0,1645000.0,1654000.0,1713000.0,1640000.0,,JP
DAITO TST.CONSTRUCTION,JP3486800000,,,,,,,,,,,,,,,,,39322.0,38097.0,36788.0,38442.0,38442.0,35963.0,34224.0,41747.0,33708.0,33584.0,35920.0,JP
DIC,JP3493400000,,,,,,,77000.0,334000.0,,,,,,332466.0,,,,,,274590.25,270647.0,253064.0,292063.0,341610.0,278059.0,282856.0,,JP
DAI NIPPON PRINTING,JP3493800001,,,,,,436857.0,436857.0,435289.0,459000.0,,,361200.0,,362400.0,327100.0,,,264000.0,263000.0,269000.0,248000.0,244000.0,327000.0,346000.0,321000.0,310000.0,323000.0,JP
SCREEN HOLDINGS,JP3494600004,,,,,,,,,,,,,,,,,,,,,11617.0,12596.0,10614.0,11023.0,9812.0,10000.0,,JP
KDDI,JP3496400007,,,,,,,,,,,,1229.0,1034.0,2772.0,2947.0,3505.3,4680.0,5344.0,26913.0,22594.0,25511.0,25169.0,25420.0,27687.0,88383.0,28432.0,,JP
MITSUBISHI HC CAPITAL,JP3499800005,,,,,,,,,,,,,,,,,,,,,4402.0,4277.0,3336.0,3449.0,3211.0,3092.0,,JP
RESONA HOLDINGS,JP3500610005,,,,,,,,,32893.0,,,,,,,,,,6859.0,6263.0,6499.0,5949.0,5428.0,5208.0,5444.0,4862.0,4321.0,JP
DAIWA SECURITIES GROUP,JP3502200003,,,,,,,,,,3597.45,3478.54,803.0,1475.0,1234.0,1179.0,917.0,831.0,1012.0,1015.0,998.0,944.0,868.0,842.0,954.0,840.0,926.0,841.0,JP
DAIWA HOUSE INDUSTRY,JP3505000004,,,,,,,,,,,,256900.0,237873.15,202353.82,201757.4,232000.0,274000.0,283900.0,288000.0,269800.0,268700.0,274300.0,216400.0,221400.0,237900.0,684500.0,218300.0,JP
CHIBA BANK,JP3511800009,,,,,,,,,,,,,,,,,,,,,2591.0,2493.0,2425.0,2766.0,2408.0,2614.0,2444.0,JP
CHUGAI PHARM.,JP3519400000,,,,,,,,,,,,,,54141.0,,,,44844.0,46032.0,49488.0,48089.0,42771.0,48898.0,50265.0,47991.0,51143.0,,JP
CHUGOKU ELEC.POWER,JP3522200009,,,,,,,39340000.0,41070000.0,,,,,,,,,,,,21260000.0,20343309.0,19106197.0,17392081.0,18499954.0,19610803.0,18050000.0,15830000.0,JP
CHUBU ELEC.POWER,JP3526600006,,,,,,,57050000.0,51820000.0,,,55060000.0,,,,,,59200000.0,56320000.0,57980000.0,56400000.0,53128465.0,60000.0,110000.0,270000.0,290000.0,200000.0,,JP
CHIYODA CORPORATION,JP3528600004,,,,,,,,,,,,,,,164.0,,3310.0,3364.0,1057.0,,,,52942.0,60395.0,86336.0,89218.0,,JP
TSUMURA,JP3535800001,,,,,,,,,,,,,30057.06,33765.04,,,,,,,32061.0,36441.0,37637.0,39385.0,42972.0,42744.0,,JP
TDK,JP3538800008,,,,,,,,,,,,,,,,,92536.0,95912.0,78795.0,127660.0,120978.0,111341.0,136021.0,146774.0,146350.0,133616.0,,JP
T & D HOLDINGS,JP3539220008,,,,,,,,0.0,397.0,434.0,440.0,2737.0,3063.0,2517.0,2598.0,2388.0,2358.0,2315.0,1997.0,1893.0,1816.0,1746.0,1882.0,1835.0,1697.0,1651.0,1653.0,JP
TEIJIN,JP3544000007,,,,,,,3480000.0,2602000.0,,,,1987703.0,,,1102357.0,,900000.0,860000.0,750000.0,688000.0,712000.0,,710000.0,770000.0,750000.0,670000.0,,JP
TERUMO,JP3546800008,,,,,,,,,,,,,,,,80900.0,77111.0,57323.0,68444.0,57953.0,57483.0,60775.0,62085.0,66667.0,67148.0,64123.0,,JP
ELEC.POWER DEV.,JP3551200003,,,,,,,,,45360000.0,50220000.0,49380000.0,46520000.0,52540000.0,46770000.0,54090000.0,,,,,,53990000.0,53330000.0,53580000.0,47950000.0,48910000.0,44390000.0,45940000.0,JP
DENSO,JP3551500006,,,,,,,,,,,,,,585000.0,570000.0,640000.0,620000.0,610000.0,680000.0,690000.0,675000.0,711000.0,576000.0,602000.0,566000.0,545000.0,,JP
DENTSU GROUP,JP3551520004,,,,,,,,,,,24253.0,0.0,,1250.02,1217.0,4799.0,4482.0,5170.0,5432.0,4981.0,4888.0,3540.0,3195.0,3267.0,4501.0,3001.0,,JP
TOKAI CARBON,JP3560800009,,,,,,,,,,,,,,,,,,38990.0,44332.0,2430000.0,2164000.0,1825000.0,2070000.0,2018000.0,1900000.0,1745000.0,,JP
CENTRAL JAPAN RAILWAY,JP3566800003,,,,,,,,,,,76000.0,78000.0,79000.0,80000.0,80000.0,80000.0,77000.0,73000.0,71000.0,74000.0,71000.0,73000.0,71000.0,71000.0,71000.0,66000.0,93000.0,JP
TOKYO ELECTRON,JP3571400005,,,,,,,,,,,,10451.0,35573.0,8771.0,9006.0,11151.0,20000.0,20000.0,17000.0,17000.0,24000.0,28000.0,29000.0,16000.0,22000.0,21000.0,22000.0,JP
TOKYO GAS,JP3573000001,,,,,,,97000.0,102000.0,,1024000.0,107000.0,,2403755.0,2718000.0,,2800000.0,3077000.0,3186000.0,3712000.0,3902000.0,3588000.0,3467000.0,3927000.0,3071000.0,4394000.0,4675000.0,4132000.0,JP
TOKYU,JP3574200006,,,,,,,,,,,,,,,,,,,,,123541.25,147932.0,138129.0,146952.0,142878.0,141254.0,,JP
TOKYO STEEL MNFG.,JP3579800008,,,,,,,,,,,,,,,,,,,,,324567.0,303698.0,255485.0,321930.0,369454.0,377996.0,,JP
TOKYO TATEMONO,JP3582600007,,,,,,,,,,,,,,,2672.0,3493.0,3243.0,2553.0,2402.0,3300.0,17429.0,14950.0,15802.0,18234.0,14456.0,13808.0,,JP
TOKYO ELECTRIC POWER CO. HDG.,JP3585800000,,,,,,,,,,,,,,,,,97221600.0,91420800.0,89046000.0,84335000.0,81604000.0,191000.0,203000.0,203000.0,205000.0,211000.0,,JP
TOSHIBA DEAD - DELIST.20/12/23,JP3592200004,,,,,,,,1434000.0,1434000.0,,,980000.0,570197.0,822000.0,751000.0,780000.0,750000.0,810000.0,840000.0,330000.0,340000.0,320000.0,280000.0,300000.0,270000.0,,,JP
TOSOH,JP3595200001,,,,,,,,,6600000.0,7140000.0,6920000.0,7770608.0,7860000.0,6830000.0,6790000.0,6920000.0,6740000.0,7490000.0,7630000.0,7705000.0,7797000.0,7727000.0,7588000.0,7787000.0,7645000.0,7333000.0,,JP
TOTO,JP3596200000,,,,,,242323.0,,,,,200000.0,133721.0,,166831.0,159000.0,167000.0,171000.0,168000.0,173000.0,181000.0,179000.0,182000.0,167000.0,188000.0,168000.0,141000.0,,JP
TOHO,JP3598600009,,,,,,,,,,,,,,,,,,,,,7186.9,6841.5,5460.0,5534.4,6042.8,5547.8,,JP
TOHO GAS,JP3600200004,,,,,,,,,,,,,,,,,,,,66998.0,66549.0,62353.0,70269.0,94542.0,83749.0,52077.0,55368.0,JP
TOHOKU ELECTRIC PWR.,JP3605400005,,,,,,35228390.0,33908840.0,40838650.0,,,,,,,,,,,,32800000.0,31900000.0,30600000.0,31140000.0,32815000.0,31069000.0,33760000.0,,JP
TOYO SUISAN KAISHA,JP3613000003,,,,,,,,,,,,,,,,,,,,,168400.0,167600.0,166300.0,166300.0,182900.0,167000.0,,JP
TOYO SEIKAN GROUP HDG.,JP3613400005,,,,,,,,1772000.0,,1637000.0,1644000.0,712461.0,195000.0,187000.0,179000.0,555000.0,538000.0,529000.0,507000.0,467000.0,449000.0,436000.0,388000.0,399000.0,389000.0,370000.0,,JP
TOYOBO,JP3619800000,,,,,,,,,,,,643200.0,,694279.0,700341.0,,,,692000.0,733000.0,709000.0,699000.0,718000.0,720000.0,712000.0,659170.0,,JP
TORAY INDS.,JP3621000003,,,,,,,,,,,,2857754.0,,3142752.0,3168024.0,,,3380000.0,3330000.0,3210000.0,3310000.0,3280000.0,2810000.0,3043571.0,2810029.0,2491279.0,,JP
TOKUYAMA,JP3625000009,,,,,,,,,,,,,,,,,,,,,6680000.0,7165000.0,6760000.0,6809000.0,6515000.0,6168000.0,5743000.0,JP
LIXIL,JP3626800001,,,,,,,,,,,,488000.0,456000.0,496000.0,477000.0,370000.0,331000.0,546000.0,567000.0,580900.0,568000.0,545000.0,466000.0,510000.0,452000.0,425000.0,,JP
TOPPAN HOLDINGS,JP3629000005,,,,,,,,,,,,279441.0,290446.0,295256.0,293624.0,275878.0,265694.0,254495.0,246935.0,239796.0,235048.0,247032.0,241728.0,380193.0,304695.0,256814.0,317562.0,JP
TOYOTA MOTOR,JP3633400001,,,,,,,,,,,2910000.0,2792000.0,2809000.0,2727000.0,,2800000.0,2720000.0,2490000.0,2550000.0,2550000.0,2500000.0,2940000.0,2450000.0,2480000.0,2370000.0,2560000.0,,JP
TOYOTA INDS.,JP3634600005,,,,,,661571.0,652456.0,682056.0,,,202134.0,,,234198.0,193071.8,,,,,,,235170.0,223266.0,366621.0,355411.0,320812.0,306437.0,JP
TOYOTA TSUSHO,JP3635000007,,,,,,,,,,,,,,,,,,,118947.0,218892.0,406403.0,421341.0,399786.0,472267.0,471820.0,444279.0,411741.0,JP
TOYOTA BOSHOKU,JP3635400009,,,,,,,,83407.0,85968.0,,,,,,,,,49866.0,50623.0,63271.0,58087.0,53832.0,54668.0,46100.0,66092.0,64066.0,,JP
DOWA HDG.,JP3638600001,,,,,,,,,,,598080.0,703000.0,,,855900.0,,,,,,1173400.0,1189300.0,1136800.0,1064300.0,1039000.0,1023800.0,,JP
NIKON,JP3657400002,,,,,,71098.0,,,,,,31158.0,26056.0,27220.0,26523.0,24773.0,,24210.0,35818.0,40222.0,38130.0,37052.0,33898.0,34736.0,34668.0,29957.0,,JP
SOJITZ,JP3663900003,,,,,,,,,,,,,,,,,8723.0,7577.0,931930.0,747229.0,659251.0,979348.0,721934.0,721769.0,751233.0,577458.0,580904.0,JP
NICHIREI,JP3665200006,,,,,,,,,,,,,,,40510.0,41088.0,41332.0,42968.0,43814.0,44000.0,43000.0,42000.0,42000.0,74316.0,77994.0,85000.0,,JP
NISSAN CHEMICAL,JP3670800006,,,,,,,,,,,,,,,,,,347118.0,316948.0,265014.0,245469.0,221264.0,220243.0,238958.0,230424.0,180409.0,184280.0,JP
NISSAN MOTOR,JP3672400003,,,,,,,,,,,,,972804.0,1017943.0,835766.0,780970.0,861457.0,926790.0,963661.0,912476.0,725000.0,764929.0,550000.0,588000.0,585000.0,462000.0,,JP
NISSIN FOODS HOLDINGS,JP3675600005,,,,,,,,,,,,,,,,,,,222000.0,221000.0,237000.0,254000.0,284000.0,293000.0,296000.0,287000.0,,JP
NISSHIN SEIFUN,JP3676800000,,,,,,,,,,,,,,,,,,,,59000.0,87000.0,91000.0,87000.0,86000.0,83000.0,150000.0,,JP
NISSHINBO HOLDINGS,JP3678000005,,,,,,,,,,,,264535.0,281087.0,295193.0,283957.0,,,,,,243800.0,246700.0,237900.0,134600.0,109300.0,89300.0,,JP
NITTO DENKO,JP3684000007,,,,,,,,,,,,,425200.0,407699.0,410098.0,406506.0,439412.0,397144.0,379870.0,381505.0,365138.0,343471.0,363488.0,330370.0,299497.0,289000.0,,JP
NIPPON SHEET GLASS,JP3686800008,,,,,,,,,,4000000.0,4100000.0,3700000.0,3700000.0,3900000.0,3500000.0,3200000.0,3100000.0,3000000.0,,2900000.0,3103000.0,2970000.0,2817000.0,3028000.0,2910000.0,2922000.0,2817923.0,JP
NIPPON EXPRESS HOLDINGS,JP3688370000,,,,,,,,,,,1097995.0,994091.0,964371.0,780234.0,777367.0,762226.0,750124.0,728378.0,718425.0,700797.0,663125.0,662000.0,567000.0,546000.0,547000.0,529000.0,,JP
NGK INSULATORS,JP3695200000,,,,,,,,,,,,,,,,,,,317000.0,320000.0,320000.0,309000.0,264000.0,290100.0,252000.0,238000.0,,JP
AOZORA BANK,JP3711200000,,,,,,,,,,,,,,,,,,352.0,368.0,80.0,51.0,144.0,114.0,110.0,106.0,95.0,,JP
NIPPON SANSO HOLDINGS,JP3711600001,,,,,,,,2153000.0,,,2223000.0,,,126000.0,120000.0,120000.0,106000.0,97000.0,102000.0,19000.0,14000.0,1061000.0,987000.0,1087000.0,1103000.0,1062000.0,1085000.0,JP
NISSUI,JP3718800000,,,,,,,,,,,,,,,,,,,,,209705.0,215678.0,218628.0,207069.0,197731.0,213374.0,215668.0,JP
NSK,JP3720800006,,,,,,,0.0,104000.0,104000.0,,,111500.0,129000.0,129500.0,,,,,137000.0,143000.0,142000.0,132000.0,120000.0,127000.0,107000.0,102000.0,,JP
JAPAN STEEL WORKS,JP3721400004,,,,,,,,,,,,,,,,,,,93385.0,91155.0,88066.0,88901.0,59000.0,65000.0,61000.0,61000.0,,JP
JAPAN TOBACCO,JP3726800000,,,,,,,,,,,,423000.0,416000.0,420000.0,406000.0,393000.0,395000.0,402000.0,388000.0,378000.0,368394.3,339916.9,352204.66,340169.91,336982.2,320255.02,,JP
NEC,JP3733000008,,,,,,1310000.0,,1320000.0,,,,392965.0,,,76123.0,60000.0,58000.0,59000.0,54000.0,56000.0,52000.0,26000.0,22360.71,22000.0,20525.08,19970.08,16000.0,JP
NIPPON ELEC.GLASS,JP3733400000,,,,,,,,,,,,,,,,,,,,,999000.0,734000.0,871000.0,790000.0,543000.0,466000.0,,JP
NIDEC,JP3734800000,,,,,,,,,,,,81288.0,59328.81,13200.0,17366.0,,,,88000.0,92000.0,73000.0,62000.0,60000.0,57000.0,282000.0,253000.0,,JP
NTT,JP3735400008,,,,,,267694.0,2735034.0,285842.0,76000.0,70000.0,224000.0,224000.0,267000.0,260000.0,240000.0,220000.0,220000.0,197000.0,190000.0,185000.0,250000.0,250000.0,238000.0,141000.0,166000.0,150000.0,,JP
NITERRA,JP3738600000,,,,,,,,,,,,,,72190.0,,,,,6960.0,6830.0,70100.0,64700.0,62100.0,64400.0,52900.0,48000.0,,JP
NHK SPRING,JP3742600004,,,,,,,,,,,,,,,,,,21516.75,17989.4,94000.0,96000.0,86000.0,80000.0,79000.0,43000.0,44000.0,,JP
NH FOODS,JP3743000006,,,,,,,,,,323000.0,298000.0,285000.0,283000.0,274000.0,279000.0,279000.0,332000.0,334000.0,341000.0,348000.0,348000.0,348000.0,349000.0,492000.0,500834.0,430000.0,437000.0,JP
NIPPON YUSEN KK,JP3753000003,,,,,,,,,,,,21684091.0,20798601.27,20328479.58,,,,21110000.0,21830000.0,20920000.0,14090784.0,13360688.0,11650054.0,12678695.0,11255044.0,11424566.0,,JP
NITORI HOLDINGS,JP3756100008,,,,,,,,,,,,,,,,,,,,,39794.0,38172.0,42027.0,28132.0,31997.0,26950.0,27194.0,JP
NINTENDO,JP3756600007,,,,,,,,,,,,,,,,,,,,,527.7,573.5,591.3,345.5,1744.4,1673.1,2410.9,JP
NOMURA HDG.,JP3762600009,,,,,,,,,,,,2639.0,3650.0,,3629.0,3085.0,3116.0,2979.0,3022.0,2992.0,2960.0,2814.0,2152.0,1924.0,2473.0,2423.0,,JP
NOMURA RESEARCH INST.,JP3762800005,,,,,,,,,,,,,,,,2000.0,1000.0,1000.0,1000.0,2000.0,1000.0,1000.0,1000.0,1000.0,1000.0,1000.0,,JP
HOUSE SHOKUHIN GP.HONSHA K K,JP3765400001,,,,,,,,,,,,,,,,,,54100.0,55200.0,56300.0,56000.0,54400.0,53893.0,56400.0,55332.0,55021.0,,JP
HAKUHODO DY HDG.,JP3766550002,,,,,,,,,,,,,,,,,,,,262.0,435.0,403.0,325.0,354.0,160.0,355.07,,JP
HASEKO,JP3768600003,,,,,,,,,,,,,,,,,,,30374.0,30374.0,31317.0,32604.0,38596.0,40487.0,34486.0,52224.0,,JP
HACHIJUNI NAGANO BANK,JP3769000005,,,,,,,,,,,3060.4,2751.39,3210.0,2400.0,2865.2,3004.0,2554.0,2589.0,2692.0,2727.0,2755.0,2661.0,2689.0,2484.0,2379.0,3485.0,,JP
HANKYU HANSHIN HDG.,JP3774200004,,,,,,,,,,,,,,,,,,,,,132635.0,129656.0,104772.0,104693.0,103476.0,108119.0,,JP
BANDAI NAMCO HDG.,JP3778630008,,,,,,,,,,,,0.0,0.0,,0.0,,,,,1843.0,6156.0,6271.0,6039.0,5540.0,6131.0,7882.0,,JP
EAST JAPAN RAILWAY,JP3783600004,,,,,,,,,,,200000.0,210000.0,,,,1190000.0,1080000.0,1060000.0,1380000.0,1390000.0,1200000.0,1400000.0,1440000.0,1510000.0,1520000.0,1610000.0,1610000.0,JP
HITACHI CON.MCH.,JP3787000003,,,,,,,,,,,,34964.0,,,41967.25,,,41316.0,44517.0,51000.0,110000.0,101000.0,98988.0,99295.0,92806.0,91884.0,71115.0,JP
HITACHI,JP3788600009,,,,,,,3932000.0,4336000.0,4429000.0,,,934912.0,932098.0,968128.0,912154.0,830000.0,810000.0,770000.0,1360000.0,2120000.0,1870000.0,1530000.0,1220000.0,1270000.0,490000.0,400000.0,390000.0,JP
HINO MOTORS,JP3792600003,,,,,,171000.0,,,,,,,,,,,,,,,150000.0,148000.0,136000.0,151000.0,138000.0,121000.0,,JP
HIROGIN HOLDINGS,JP3796150005,,,,,,,,,,,,,,,,,,,,,2283.5,2075.9,1933.8,1517.7,1365.3,1457.2,,JP
HIROSE ELECTRIC,JP3799000009,,,,,,,,,,,,,,,,,,,2690.0,2332.0,2212.0,1995.0,1867.0,1679.0,1688.0,1258.0,,JP
FAST RETAILING,JP3802300008,,,,,,,,,,,,,,,,,,11474.0,13209.0,12419.0,12295.0,13026.0,10029.0,9738.0,9558.0,8760.0,,JP
FUJIFILM HOLDINGS,JP3814000000,,,,,,,,,,,,764693.0,793333.0,773521.0,743856.0,,,,661000.0,687000.0,672000.0,633000.0,642000.0,674000.0,615000.0,563000.0,527000.0,JP
SUBARU,JP3814800003,,,,,,,,,,,,,,,187000.0,,,,268962.0,271695.0,265049.0,277034.0,165851.0,162671.0,162062.0,154483.0,,JP
FUJITSU,JP3818000006,,,,,,,,,,,,438000.0,321000.0,266000.0,225000.0,216000.0,197000.0,189000.0,208000.0,198000.0,147000.0,87000.0,75000.0,70000.0,65000.0,64000.0,,JP
FUJI ELECTRIC,JP3820000002,,,,,,,642525.0,568003.0,,,,432042.0,254265.0,235443.0,209826.0,,,256900.0,220700.0,239000.0,273800.0,221900.0,202200.0,154500.0,139300.0,134300.0,127000.0,JP
FURUKAWA,JP3826800009,,,,,,,,,,,,,,,,,,,,,5045.0,4838.0,4192.0,4296.0,3996.0,34287.0,,JP
FURUKAWA ELECTRIC,JP3827200001,,,,,,,,,,,,,,,156000.0,148000.0,138000.0,155000.0,209000.0,238000.0,197000.0,172000.0,143000.0,128000.0,152782.0,146643.0,,JP
BROTHER INDUSTRIES,JP3830000000,,,,,,,,,,,,,,,10619.0,10348.0,29389.0,75333.0,72819.0,67068.0,21622.0,17362.53,18355.54,18724.36,19040.31,18840.01,,JP
BRIDGESTONE,JP3830800003,,,,,,,,,,,,,,2003000.0,2036000.0,1955000.0,1856000.0,1828000.0,1871000.0,1868000.0,1807000.0,1504000.0,1722000.0,1794000.0,1578982.0,1509385.0,,JP
BENESSE HOLDINGS DEAD - DELIST.17/05/24,JP3835620000,,,,,,,,,,,,,,,,,,162.0,1794.0,120.0,89.0,88.0,76.0,75.0,73.0,,,JP
HOYA,JP3837800006,,,,,,,,,,,,,,,,,27374.0,23346.0,21489.0,21466.0,22379.0,21000.0,16000.0,16000.0,13000.0,11000.0,17000.0,JP
HOKURIKU ELEC.POWER,JP3845400005,,,,,,,11720000.0,,,,,10160000.0,12510000.0,18520000.0,,,,,,16997159.0,16472464.0,14250000.0,16690000.0,18760000.0,17480000.0,13150000.0,,JP
HONDA MOTOR,JP3854600008,,,,,,,,,,,1214660.0,1283019.0,1418000.0,1240000.0,1410000.0,1410000.0,1380000.0,1310000.0,1280000.0,1350000.0,1380000.0,1240000.0,1120000.0,1160000.0,1090000.0,1070000.0,997000.0,JP
MAKITA,JP3862400003,,,,,,,,,,,,,,,,,,,,,1644.0,4516.0,4876.0,20930.0,21401.0,19725.0,19938.0,JP
PANASONIC HOLDINGS,JP3866800000,,,,,,,,,,,,758053.0,847855.0,743722.0,654169.0,610000.0,470000.0,430000.0,440000.0,460000.0,410000.0,390000.0,330000.0,337279.0,405791.0,316000.0,280000.0,JP
MAZDA MOTOR,JP3868400007,,,,,,,,,,,,236050.0,216820.0,,150500.0,,,,,137000.0,135000.0,122000.0,97000.0,97000.0,113000.0,112000.0,119000.0,JP
MABUCHI MOTOR,JP3870000001,,,,,,,,,,,,26854.0,,,,,,,3427.0,3231.0,2911.0,3265.0,4092.0,3317.0,2929.0,,,JP
MARUI GROUP,JP3870400003,,,,,,,,,,,,,,,10727.0,13044.0,12580.0,14434.0,14920.0,14000.0,15109.0,13956.0,11090.0,10540.0,10043.0,8115.0,,JP
MARUBENI,JP3877600001,,,,,,,,,,,,,,,148.0,137.0,135.0,,626278.0,682406.0,726708.0,773198.0,797975.0,1016487.0,1000124.0,948825.0,939015.0,JP
MIZUHO FINL.GP.,JP3885780001,,,,,,,,,,,13323.0,17957.0,17119.12,17561.0,16177.0,15546.0,15735.0,15604.0,16025.0,16028.0,15845.0,14756.0,14053.0,11306.0,12453.0,11566.0,,JP
MITSUI CHEMICALS,JP3888300005,,,,,,,,,,,,,4030000.0,4060000.0,3760000.0,,,4210000.0,4260000.0,4100000.0,3780000.0,3770000.0,3740000.0,,3545000.0,3675000.0,,JP
MITSUI KINZOKU LIMITED,JP3888400003,,,,,,,,,,,,,,,689000.0,647600.0,,,,771000.0,748000.0,766000.0,779000.0,797000.0,802000.0,804000.0,,JP
MS&AD INSURANCE GP.HDG.,JP3890310000,,,,,,,,,,,,,27190.0,23081.0,23005.0,23057.0,22983.0,25010.0,26315.0,27948.0,26161.0,23922.0,19686.0,17584.0,16804.0,15589.0,,JP
SUMITOMO MITSUI FINL.GP.,JP3890350006,,,,,,,24230.0,24230.0,,,,,8445.0,6121.0,6277.0,10526.0,16308.0,16757.4,16803.0,17120.0,14863.0,13526.0,11405.0,19071.0,15041.0,14142.0,,JP
SUMITOMO MITSUI TRUST GROUP,JP3892100003,,,,,,,,,,,,,,,5592.0,5806.0,5577.0,5002.0,4907.0,4588.0,4376.0,4432.0,4307.0,4225.0,5411.0,4472.0,,JP
MITSUI FUDOSAN,JP3893200000,,,,,,,,,,,,,,,,,,,,,89000.0,104000.0,115000.0,140000.0,183000.0,186000.0,209000.0,JP
MITSUI,JP3893600001,,,,,,,,,,,,,,,1364000.0,1460000.0,384000.0,284000.0,314000.0,3448000.0,3189000.0,3298000.0,3868000.0,3771000.0,3006000.0,2637000.0,2803000.0,JP
ISETAN MITSUKOSHI HDG.,JP3894900004,,,,,,,,,,,,,,,,43219.0,27373.0,27350.0,27281.0,25644.0,24234.0,22573.0,17030.0,17581.0,17700.0,29081.0,,JP
MITSUBISHI,JP3898400001,,,,6528.72,,,,,,95100.0,1647173.0,70800.0,3205957.0,3205957.0,,1867000.0,1802000.0,1725000.0,5961000.0,5469000.0,6274107.0,6883788.0,6773666.0,21046000.0,19518000.0,20537397.0,,JP
MITSUBISHI ESTATE,JP3899600005,,,,,,,,,,,,,,,,,,,,120634.0,108289.0,118351.0,116914.0,120713.0,110783.0,93034.0,,JP
MITSUBISHI MOTORS,JP3899800001,,,,,,,,347000.0,334000.0,383000.0,,,,,,137000.0,132000.0,110000.0,102000.0,119000.0,119000.0,110000.0,80000.0,92000.0,95000.0,90000.0,85000.0,JP
MITSUBISHI HEAVY INDS.,JP3900000005,,,,,,,,,,,,143840.0,143890.0,160169.0,155349.0,151200.0,,,,188712.0,184647.0,185000.0,151000.0,171000.0,137000.0,129000.0,,JP
MITSUBISHI ELECTRIC,JP3902400005,,,,,,,,,,,,438000.0,358000.0,362000.0,322000.0,370000.0,400000.0,370000.0,380000.0,310000.0,278000.0,265000.0,242000.0,276000.0,272000.0,234000.0,,JP
MITSUBISHI UFJ FINL.GP.,JP3902900004,,,,,,,,,19760.0,21153.0,18644.0,17636.0,18317.0,19832.0,18556.0,13139.0,11947.0,11344.0,11421.0,11836.0,10795.0,,29512.0,27431.0,31051.0,27424.0,,JP
MITSUBISHI MATERIALS,JP3903000002,,,,,,,,8207000.0,,,,10059000.0,4168000.0,10595000.0,10626000.0,10891000.0,10923000.0,10346000.0,10412000.0,10060000.0,9816000.0,9415000.0,9176000.0,9069000.0,919000.0,962000.0,787000.0,JP
TOKIO MARINE HOLDINGS,JP3910660004,,,,,,,,,11696.0,,,4442.0,17129.0,18013.0,17918.0,15900.0,14830.0,14954.0,14916.0,14474.0,15007.0,17478.0,13163.0,13022.0,13362.0,13685.0,12517.0,JP
MURATA MANUFACTURING,JP3914400001,,,,,,101514.0,455154.0,479514.0,,,,124788.0,122364.16,122400.0,122200.0,,,122000.0,141000.0,251000.0,312000.0,293000.0,278000.0,260000.0,264000.0,195000.0,,JP
LY,JP3933800009,,,,,,,,,,,,,,,,,,,27.0,2.0,3614.0,4203.0,3672.0,3721.0,3646.0,3554.0,3395.0,JP
YAMAZAKI BAKING,JP3935600001,,,,,,,,,,,,,,,,,,,,322000.0,395000.0,391000.0,386000.0,383000.0,370000.0,,,JP
YAMADA HOLDINGS,JP3939000000,,,,,,,,,,,,,,,,,,,,,10000.0,11000.0,54000.0,53000.0,53000.0,48000.0,,JP
YAMATO HDG.,JP3940000007,,,,,,,,,,,,,,594214.0,584329.0,459000.0,458000.0,,,657000.0,668367.0,661193.0,668554.0,673213.0,659537.0,656732.0,,JP
ASTELLAS PHARMA,JP3942400007,,,,,,,,,,,,205000.0,91000.0,83000.0,79000.0,82000.0,102978.0,98500.0,94547.0,87429.0,82093.0,70898.0,63276.0,63691.0,59051.0,57124.0,,JP
YAMAHA,JP3942600002,,,,,,,,,,,,,,,,,,26000.0,,23000.0,22000.0,23000.0,22000.0,24000.0,22000.0,20000.0,18000.0,JP
YAMAHA MOTOR,JP3942800008,,,,,,,,,,,,,,,190658.78,166518.95,149000.0,147281.0,149043.0,146167.0,155847.0,130174.0,151002.0,154950.0,144959.0,,,JP
YOKOGAWA ELECTRIC,JP3955000009,,,,,,40000.0,40000.0,47000.0,,,,,,,,20666.0,15762.0,12153.0,12580.0,15412.0,15015.0,14000.0,11727.0,12015.0,15390.0,11966.0,12141.0,JP
RAKUTEN GROUP,JP3967200001,,,,,,,,,,,,,,,,,174.0,300.0,304.0,1152.3,2591.0,2705.0,1647.0,1745.0,2991.0,,,JP
RICOH,JP3973400009,,,,,,,,,,,,181400.0,183300.0,177400.0,177400.0,183500.0,181000.0,154900.0,154900.0,142700.0,141900.0,136600.0,117328.0,114664.0,113620.0,107885.0,,JP
RINNAI,JP3977400005,,,,,,,,,,,,,,,29448.78,,,35612.0,38663.0,40313.0,40254.0,36723.0,35161.0,35941.0,36779.0,34876.0,,JP
LAWSON DEAD - DELIST.24/07/24,JP3982100004,,,,,,,,,,,,5552.0,5778.0,5738.3,7232.0,6500.0,6100.0,5500.0,5300.0,5100.0,4400.0,4500.0,4300.0,4200.0,4300.0,50316.0,,JP
ROHM,JP3982800009,,,,,,,,,,,,,,,152264.0,73408.0,52580.0,42904.0,35080.0,36002.0,151469.0,129552.0,129979.0,164180.0,173711.0,180771.0,165232.0,JP
CJ LOGISTICS,KR7000120006,,,,,,,,,,,,,,,,,145250.0,134957.0,137978.0,128572.0,122306.0,123199.0,180620.0,160281.0,167062.0,,,KR
DOOSAN,KR7000150003,,,,,,,,,,,,,,30318.0,34800.0,30000.0,39700.0,39000.0,34000.0,31600.0,32500.0,31362.0,30342.0,27728.0,24186.0,26440.0,,KR
DL,KR7000210005,,,,,,,,,,,,38147.0,21346.0,19731.0,20718.0,,17852.0,32724.0,36419.0,23646.0,27002.0,1213041.0,1671232.0,2099058.0,1852004.0,1752436.0,,KR
KIA CORPORATION,KR7000270009,,,,,,,,,,,,377661.0,418620.0,,,394732.0,385155.0,410536.0,385000.0,,368700.0,359000.0,365100.0,379900.0,353900.0,386300.0,,KR
SK HYNIX,KR7000660001,,,,,,,,,,,923051.0,2079450.0,1321440.0,1358160.0,1351450.0,1644970.0,1889050.0,1852725.0,1709628.0,1958542.0,2126171.0,2711409.0,2628921.0,2942757.0,2338090.0,,,KR
HYUNDAI ENGR.& CON.,KR7000720003,,,,,,,,,,,76058.0,39009.0,27357.54,12188.0,13245.0,13232.0,421556.0,453176.0,430440.0,423202.0,417904.0,167071.0,193064.0,335299.0,313273.0,190746.0,,KR
SAMSUNG FIRE & MAR.IN.,KR7000810002,,,,,,,,,,,,11268.0,9073.0,6851.0,5550.0,5316.0,5654.0,5629.0,4903.0,4776.0,4327.0,3233.0,3016.0,6370.93,5716.63,,,KR
CJ,KR7001040005,,,,,,,,,,,,,,,,,,,,,324467.0,358222.0,357073.0,350727.0,331665.0,1746495.0,,KR
DONGKUK HOLDINGS,KR7001230002,,,,,,,,,,,,,,,,,,,723000.0,673000.0,677000.0,655000.0,686000.0,691000.0,524448.0,,,KR
SK NETWORKS,KR7001740000,,,,,,,,,,,,,,,,,,8470.0,8456.0,9267.0,9029.0,13765.4,10212.3,10330.2,9287.4,8726.3,,KR
KCC,KR7002380004,,,,,,,,,,,,,964620.0,797507.0,842863.0,931144.0,1115637.0,1172140.0,345386.0,340514.0,284623.0,,,,322717.0,306659.0,,KR
AMOREPACIFIC HOLDINGS,KR7002790004,,,,,,,,,,,,,,,,,29644.0,29460.0,29558.0,30892.0,34197.0,13174.0,13176.0,12580.0,11786.0,,,KR
KOREAN AIR LINES,KR7003490000,,,,,,,,,,,,12223552.0,12367332.0,12841651.0,12538939.0,12805100.0,13038702.0,13327600.0,13347835.0,13313049.0,13335813.0,7626574.0,7503920.0,8631157.0,11852913.0,12948647.0,,KR
HYUNDAI STEEL,KR7004020004,,,,,,,,,,,,766000.0,10247391.0,10197985.0,11080000.0,13317000.0,14157000.0,15622000.0,15710000.0,16492000.0,27164000.0,25967000.0,25857000.0,25907000.0,26852000.0,,,KR
SHINSEGAE,KR7004170007,,,,,,,,,,,,,,,,,,,,,17278.0,13948.0,12645.0,14290.0,15160.0,20244.0,,KR
NONGSHIM,KR7004370003,,,,,,,,,,,,,,,,,,,,,83678.0,91595.0,87516.0,88477.17,90620.0,91981.0,,KR
LOTTE CHILSUNG,KR7005300009,,,,,,,,,,,,,,,,,,,,65428.0,64141.0,58606.0,57175.0,53530.0,50857.0,50129.0,,KR
HYUNDAI MOTOR,KR7005380001,,,,,,597000.0,,,,,700800.0,799295.0,821374.0,877211.0,842635.0,835240.0,797391.0,822273.0,852547.0,885653.0,807498.0,716237.0,724013.0,719949.0,696590.0,679822.0,,KR
POSCO HOLDINGS,KR7005490008,,,,,,,,,,72908000.0,60457000.0,68748000.0,74602000.0,85678000.0,79928000.0,84451000.0,82741000.0,81346000.0,75633360.0,77391479.0,79447924.0,82252254.0,163530318.0,146021693.0,154758163.0,153227960.0,,KR
DB INSURANCE,KR7005830005,,,,,,,,,,,,,461.0,401.0,3148.0,2884.0,3034.0,3339.0,3335.0,3444.0,3112.0,2751.0,2766.0,2935.0,2606.0,2366.13,,KR
SAMSUNG ELECTRONICS,KR7005930003,,,,,,,,4056000.0,3496000.0,3921000.0,3750000.0,4155000.0,4045113.0,2098000.0,2221000.0,2620000.0,2445000.0,2554000.0,3668000.0,4855000.0,5067000.0,5726000.0,7604000.0,5972000.0,3733000.0,4725000.0,,KR
NH INVESTMENT & SECS.,KR7005940002,,,,,,,,,,,,1365.0,1364.78,1467.47,1457.89,,393.9,68.3,88.5,87.3,463.5,489.0,731.4,1074.6,887.4,830.1,,KR
LS,KR7006260004,,,,,,,,,,,,,,,38000.0,41000.0,40000.0,40937.0,,,,,260269.0,244270.0,228350.0,,,KR
GS ENGR. & CON.,KR7006360002,,,,,,,,,,,,19757.0,52862.0,51499.0,45473.0,45162.0,74022.0,68597.0,63959.0,71547.0,58994.0,49466.0,46324.0,51624.0,51720.0,58436.0,,KR
SAMSUNG SDI,KR7006400006,,,,,,,,,,,73823.0,80476.0,,,,,92964.0,99847.0,143581.0,154704.0,162873.0,183925.0,225594.0,242116.0,272196.0,282108.0,,KR
MIRAE ASSET SECURITIES,KR7006800007,,,,,,,,,,,,721.8,749.4,1272.0,1113.0,736.0,578.0,719.0,1075.0,1033.0,904.0,979.0,942.0,1002.0,1043.0,,,KR
SAMSUNG ELTO.MECHANICS,KR7009150004,,,,,,,,,,,,57264.0,68478.0,66758.0,64290.0,62229.0,62725.0,64571.0,59513.0,66138.0,76506.0,79240.0,113118.0,117758.0,106477.0,94477.0,,KR
HD KOA.SHIPBLDG.& OFFS. ENGR.,KR7009540006,,,,,,,,,,458068.0,356617.0,410540.0,448400.0,407880.0,393140.0,509569.0,385210.0,366041.0,331050.0,320645.0,366302.0,371559.0,396323.0,405300.0,450318.0,,,KR
HANWHA SOLUTIONS,KR7009830001,,,,,,,,,,,,379164.0,312012.0,332007.0,315000.0,317000.0,304000.0,,,348576.0,373789.0,409412.0,394639.0,377730.0,462646.0,,,KR
OCI HOLDINGS COMPANY,KR7010060002,,,,,,,,,,,,1276305.0,906700.0,913772.0,921047.0,826829.0,743457.0,787055.0,703238.0,,,584350.0,,,,1912733.0,,KR
LS ELECTRIC,KR7010120004,,,,,,,,,,,,236451.0,199146.0,174302.1,266289.6,201620.0,226975.0,186792.0,250704.0,6576.0,5914.0,5288.0,4587.0,4913.0,4525.0,4180.88,,KR
KOREA ZINC,KR7010130003,,,,,,,,,,,,,,,,,,,,2214108.0,2221390.0,1898495.0,2349299.0,2352409.0,2574427.0,,,KR
SAMSUNG HEAVY INDS.,KR7010140002,,,,,,,,,,,210357.0,231561.0,268194.0,225909.0,228659.0,223069.0,200441.0,149427.0,250236.0,101961.0,134460.0,182254.0,167050.0,122186.0,157022.0,,,KR
HD HYUNDAI MIPO DEAD - DELIST.15/12/25,KR7010620003,,,,,,,,,,,,,,,,,,,,44678.0,50036.0,,50696.0,55660.0,57122.0,57110.0,,KR
S-OIL,KR7010950004,,,,,,,,,,,,,7269000.0,7038000.0,6399000.0,6406000.0,6380000.0,6537000.0,6550000.0,7150000.0,7744000.0,7824000.0,8137000.0,7904000.0,7925000.0,7954320.83,,KR
LOTTE CHEMICAL,KR7011170008,,,,,,,,,,,3596255.0,3598658.0,3316493.0,4168845.0,4417118.0,4400115.0,4200520.0,4207694.0,4428209.0,4177933.0,4745116.0,3623926.0,4461515.0,4187396.0,5977499.0,,,KR
HMM,KR7011200003,,,,,,,,,,,,7277330.0,7386430.0,8026110.0,6303850.0,5314630.0,4953680.0,1846346.0,1837690.0,4705401.08,4194837.38,4863895.52,5462335.0,5347776.0,5456615.0,5993765.0,,KR
HYUNDAI MOBIS,KR7012330007,,,,,,,,,,,20257.0,42351.0,65255.0,40966.85,22238.0,18381.0,,36139.0,40586.0,48265.0,45095.0,47073.0,55090.0,55557.0,52795.0,52991.0,,KR
HANWHA AEROSPACE,KR7012450003,,,,,,,,,,,,23718.0,20469.3,12203.0,,,8015.04,7087.68,,,4479.0,4847.0,4586.0,7529.0,32160.0,,,KR
KOREA ELECTRIC POWER,KR7015760002,,,,,,,,,,,,,,1174220.0,1310000.0,1280000.0,1150000.0,1230000.0,1290000.0,1170000.0,910000.0,171983805.0,171252033.0,162105787.0,146192751.0,,,KR
SAMSUNG SECURITIES,KR7016360000,,,,,,,,,,,,1499.0,1804.0,762.0,760.0,624.0,584.0,589.0,866.0,848.0,710.0,654.0,622.0,595.0,629.0,866.0,,KR
SK TELECOM,KR7017670001,,,,,,,,,,11652.0,10412.0,13738.0,9561.0,7803.0,7375.0,7124.0,8431.0,7152.0,6820.0,7603.0,6604.0,6133.0,6286.0,6394.0,6063.0,5923.0,,KR
COWAY,KR7021240007,,,,,,,,,,,,5160.0,368.0,342.0,256.0,196.0,391.0,401.0,630.0,676.0,640.0,601.0,877.0,831.0,11261.0,11395.0,,KR
LOTTE SHOPPING,KR7023530009,,,,,,,,,,,29818.83,73937.0,105037.09,,,,,,,83201.0,70942.0,95208.0,97469.0,101260.0,96041.0,,,KR
INDUSTRIAL BANK OF KOREA,KR7024110009,,,,,,,,,,,,13888.0,11019.0,9246.0,,,,,,12432.0,11384.0,9532.0,8120.0,6596.0,6982.0,,,KR
SAMSUNG E&A,KR7028050003,,,,,,,,,,,,92730.0,67824.0,196956.0,249240.0,219627.0,140005.0,87851.0,66877.0,42703.0,18308.0,27058.0,28106.0,34690.0,33042.0,,,KR
KT,KR7030200000,,,,,,,,,42678.7,46485.0,45362.0,68033.0,63678.0,63251.0,60481.0,44073.0,41355.0,41368.0,41373.0,38482.0,36087.0,35645.0,37674.0,37885.0,66134.0,63694.97,,KR
LG UPLUS,KR7032640005,,,,,,,,,,,,6917.0,9219.0,8098.0,6828.0,5822.0,6715.0,5355.0,4077.0,5147.0,7997.0,8259.0,7579.0,7472.0,7787.0,6947.0,,KR
KT & G,KR7033780008,,,,,,,,,,,22656.0,22822.0,38695.67,41348.88,40659.73,37600.55,38251.29,30621.32,31187.0,55522.0,73469.6,74583.0,70892.0,74258.0,72087.0,68330.0,,KR
DOOSAN ENERBILITY,KR7034020008,,,,,,,,,,,,152752.0,155103.0,139115.0,126655.0,149189.0,136861.0,127608.0,117800.0,105500.0,108700.0,105400.0,84800.0,163780.0,173454.0,196452.0,,KR
LG DISPLAY,KR7034220004,,,,,,,,,,,2903155.0,3477694.0,3260835.0,,,,4588340.0,3256733.0,3205450.0,3530371.0,2964478.0,2181178.0,2091506.0,1158706.0,1056041.0,,,KR
KANGWON LAND,KR7035250000,,,,,,,,,,,,47867.0,58513.0,31555.0,30992.0,27976.0,26234.0,25084.0,23757.0,27030.0,30664.0,19642.0,21583.0,26861.0,28507.0,,,KR
KOREA GAS,KR7036460004,,,,,,,,,,,,232164.0,305215.0,308957.0,329511.0,246750.0,456413.0,469305.0,299474.0,372267.0,287642.0,206510.0,279215.0,324820.0,249923.0,,,KR
NCSOFT,KR7036570000,,,,,,,,,,,,,,,,,,,,481.2,535.1,530.9,598.0,884.3,843.6,,,KR
HANWHA OCEAN,KR7042660001,,,,,,,,,,,,177613.0,241274.0,202225.0,179695.0,215249.4,,,,163495.0,186736.2,128236.0,101295.0,122529.0,187855.0,,,KR
HD HYUNDAI INFRACORE DEAD - DELIST.26/01/26,KR7042670000,,,,,,,,,,,,35358.0,,37072.0,40757.0,35269.0,30954.0,27823.0,33558.0,39000.0,38562.0,33005.0,35593.0,31773.0,29872.0,,,KR
DAEWOO ENGR.& CON.,KR7047040001,,,,,,,,,,,,,,14183.0,13503.0,11192.7,11529.05,11118.0,9146.0,8582.0,7149.0,6943.0,5130.0,6266.0,3928.0,,,KR
LG H & H,KR7051900009,,,,,,,,,,,41184.0,5338.0,5476.0,5534.0,41724.0,41219.0,40505.0,47546.0,46088.0,49860.0,48998.09,47362.0,44535.0,46878.0,37781.0,33009.0,,KR
LG CHEM,KR7051910008,,,,,,,,,,3724070.0,4200350.0,4200586.0,4207796.0,4753969.0,4827192.0,4663830.0,4925748.0,5248663.0,5270020.0,5317349.0,5405608.0,5390035.0,5439321.0,5628898.0,5176533.0,5653173.0,,KR
LG ELECTRONICS,KR7066570003,,,,,,,,,,357000.0,298000.0,349000.0,442169.0,408866.0,381000.0,395000.0,412000.0,341000.0,1105000.0,785000.0,603000.0,429000.0,332724.0,265249.0,208947.0,,,KR
GS HOLDINGS,KR7078930005,,,,,,,,,,,5390786.0,5490000.0,6322000.0,6314000.0,6824874.0,6500458.0,6616133.0,6993791.0,6379481.0,6342643.0,13053297.0,12931736.0,14352688.0,15740701.0,15064399.0,,,KR
HYUNDAI GLOVIS,KR7086280005,,,,,,,,,,,,,,56148.0,2195524.0,2832223.0,3803780.0,3989509.0,3481452.0,3383412.0,4048198.0,3123760.0,3854998.0,3924263.0,3489416.0,,,KR
KB FINANCIAL GROUP,KR7105560007,,,,,,,,,,,2718.0,2303.0,1867.98,19448.97,18643.0,18617.0,20806.0,21513.0,19179.0,19021.0,18980.0,17861.0,15649.0,13993.0,23325.0,,,KR
AMMB HOLDINGS,MYL1015OO006,,,,,,,,,,,,,,,,,,,,140.66,122.03,101.72,57.84,41.0,70.0,60.0,62.0,MY
CIMB GROUP HOLDINGS,MYL1023OO000,,,,,,,,,,,,,,,,,,,,1050.3,4718.6,2191.9,4907.2,2637.7,3076.8,4327.2,,MY
HONG LEONG FINL.GP.,MYL1082OO006,,,,,,,,,,,,,,,,,,,,,334.0,290.0,232.0,210.0,273.02,241.22,237.98,MY
MALAYAN BANKING,MYL1155OO000,,,,,,,,,,,,,,,,,4705.0,3174.0,1221.0,1791.0,12395.0,53.0,845.0,10116.0,10997.0,11761.0,,MY
PUBLIC BANK,MYL1295OO004,,,,,,,,,,,,,,,,,,,,,187.62,533.75,551.0,2460.0,2891.0,3964.0,,MY
BURSA MALAYSIA,MYL1818OO003,,,,,,,,,,,,,,,,,,,28.0,30.1,32.76,5.13,113.23,209.48,2409.32,1347.59,,MY
IOI CORPORATION,MYL1961OO001,,,,,,,,,,,,,,,,,,,,243192.0,197517520.0,3013735.06,2908467.22,2576164.25,2758558.51,2523609.93,2329649.12,MY
GENTING PLANTATIONS,MYL2291OO002,,,,,,,,,,,,,,,,,,175458.0,167289.0,151893.0,140633.0,147008.0,169193.0,172545.0,159438.0,184939.0,,MY
GENTING,MYL3182OO002,,,,,,,,,,,,,,,,,44058.0,37000.0,3140000.0,,4094030.0,3960000.0,4242952.0,3897856.0,4289374.0,4202311.0,,MY
IJM CORPORATION,MYL3336OO004,,,,,,,,,,,,,,,,,,,21393.0,20958.0,17179.0,14769.0,12167.0,28312.0,39681.4,20820.2,21444.7,MY
FRASER & NEAVE HOLDINGS,MYL3689OO006,,,,,,,,,,,,,,,,,,,34837.0,35943.0,40639.0,34390.0,38089.0,38022.0,39254.0,42568.0,,MY
MISC BHD.,MYL3816OO005,,,,,,,,,,,,,6209000.0,5448000.0,5312000.0,4541000.0,4403000.0,4513767.0,4043394.0,4132213.0,4342386.0,4132383.0,4135661.0,4200139.0,4120702.0,3800082.0,,MY
PPB GROUP,MYL4065OO008,,,,,,,,,,,,,,,,,,5699.0,5809.0,6363.77,5853.17,7379.0,7634.0,15611.0,15190.0,16423.0,,MY
BRIT.AMER.TOB.(MALAYSIA),MYL4162OO003,,,,,,,,,,,,371610.0,,,10663.0,8898.0,7387.0,4080.0,1782.84,,1526.0,1225.0,1075.0,986.0,1372.0,848.0,,MY
SIME DARBY,MYL4197OO009,,,,,,,,,,,,2973622.22,2845854.95,3029743.6,3521199.64,3310000.0,2300000.0,2929500.0,2808600.0,,39570.0,43030.0,39710.0,37000.0,34000.0,47000.0,,MY
HENGYUAN REFINING COMPANY,MYL4324OO009,,,,,,,,,,,,,,,,,,,,,1112396.04,1019979.37,1050930.77,1048318.0,988987.97,1027882.79,,MY
YTL CORPORATION,MYL4677OO000,,,,,,,,,,,,,,,,,11023200.0,10938800.0,10697390.0,11107000.0,11216000.0,3558000.0,3242000.0,3718000.0,3920000.0,4166000.0,5517000.0,MY
NESTLE (MALAYSIA),MYL4707OO005,,,,,,,,,,,,,,,,,,58883.0,59653.0,60862.0,57387.0,55542.0,60180.0,59920.0,52073.0,42186.0,,MY
GENTING MALAYSIA,MYL4715OO008,,,,,,,,,,,,,,,,,27210.0,8130.0,38432.0,38159.0,44525.0,31969.0,19684.0,29797.0,39206.0,39535.0,,MY
TELEKOM MALAYSIA,MYL4863OO006,,,,,,,,,,,,,21063.16,20830.33,19453.42,14357.9,12603.0,16110.0,14182.0,14452.0,13391.0,11531.0,10997.0,10802.0,9431.0,8763.0,,MY
MALAYSIA AIRPORTS HDG. DEAD - DELIST.25/02/25,MYL5014OO005,,,,,,,,,,,,,,,1479.1,1709.45,1466.0,1301.0,1645.0,1661.0,,2304.0,2368.0,1858.0,1819.0,,,MY
CAPITAL A,MYL5099OO006,,,,,,,,,,,,,,,,,2666403.0,2748368.0,8541525.0,9517694.0,4754625.0,1260476.73,391324.92,1917390.18,4847717.5,5440467.0,,MY
TENAGA NASIONAL,MYL5347OO009,,,,,,,,,,,17900000.0,,20443860.0,21472550.0,,,,28492111.0,33108300.0,37000000.0,33790000.0,39040000.0,39770000.0,38580000.0,38920000.0,38750000.0,,MY
GAMUDA,MYL5398OO002,,,,,,,,,,,,,,,,,,,,9459.88,6071.36,1287.02,2995.0,8428.0,7245.0,31224.0,71340.0,MY
PETRONAS DAGANGAN,MYL5681OO001,,,,,,,,,,,,,,,4630000.0,4630000.0,62000.0,63000.0,75000.0,77400.0,56100.0,45000.0,42400.0,10400.0,11200.0,,,MY
HONG LEONG BANK,MYL5819OO007,,,,,,,,,,,,,,,,,,259.0,,225.83,200.0,174.0,158.0,110.0,150.0,132.0,,MY
PETRONAS GAS,MYL6033OO004,,,,,,,,,,,,,,,,,,4530000.0,5530000.0,5741590.0,6103427.0,5360039.0,5916446.0,5754544.0,5859402.0,6074946.0,,MY
CELCOMDIGI,MYL6947OO005,,,,,,,,,,19179.0,17979.0,15832.0,13179.0,18508.0,19575.0,20730.77,22048.0,26351.0,24262.0,11738.0,9763.92,10750.88,10821.54,16005.75,53670.04,43809.96,,MY
AUCKLAND INTL.AIRPORT,NZAIAE0002S6,,,,,,,,1687.0,2365.0,2438.0,2835.0,2601.5,2187.0,2615.0,2404.0,2161.0,2408.0,,,,2472.0,2397.0,1674.0,2004.0,2060.0,2063.0,2012.0,NZ
AIR NEW ZEALAND,NZAIRE0001S2,,,,,,,,,,,,,,,,,3073455.0,3308950.0,3197011.0,3730246.0,3925650.0,3176634.0,1333192.0,1512886.0,2839358.0,3250851.0,3157207.0,NZ
CONTACT ENERGY,NZCENE0001S6,,,,,,,,,2477000.0,,2179031.0,1905200.0,1930168.0,2341574.0,2697975.8,1624000.0,1495719.0,1112251.0,1142575.0,1175772.0,985905.0,923072.0,1044744.0,786842.0,526621.0,947491.0,,NZ
FLETCHER BUILDING,NZFBUE0001S0,,,,,,,869217.0,855708.0,1027691.0,,,864131.0,839047.0,803428.0,848236.0,,,1175000.0,1375000.0,896000.0,812000.0,804000.0,823000.0,793000.0,773000.0,752000.0,,NZ
SKY CITY ENTM.GP.,NZSKCE0001S2,,,,,,,,,,,,,,,,,5126.0,4908.0,4615.0,4640.0,4761.0,4736.0,4454.0,4514.0,5361.0,5072.0,5785.41,NZ
SPARK NEW ZEALAND,NZTELE0001S4,,,,,,,,,,6956.0,5543.0,,,4329.0,,2102.0,1842.0,,3600.0,3600.0,3500.0,2485.0,2799.0,2372.0,2694.0,4670.0,4732.0,NZ
ABOITIZ EQUITY VENT.,PHY0001Z1040,,,,,,,,,,,,,409000.0,495000.0,1684482.0,581350.0,,,2205030.0,2295897.0,3232757.0,3743084.0,3921842.0,5409980.74,4496589.0,4587407.0,,PH
ALLIANCE GLOBAL GP.,PHY003341054,,,,,,,,,,,,,,,,,,,,,276198.0,148825.0,868119.0,191136.63,182479.51,205173.49,,PH
AYALA,PHY0486V1154,,,,,,,,,,,37235.8,37271.51,41100.49,42517.69,50632.12,71083.08,715411.0,1727888.6,7492257.0,7022321.2,4182918.8,1021757.38,250000.0,240000.0,190000.0,140000.0,,PH
AYALA LAND,PHY0488F1004,,,,,,,,,,,,,10912.0,10580.33,16196.0,21226.0,33574.0,36534.0,16750.0,30772.0,62770.0,41940.0,56213.0,53151.0,61961.0,55799.0,,PH
BDO UNIBANK,PHY077751022,,,,,,,,,,,,,,,,,,,40.0,66.0,118.0,66.0,430.0,500.0,1237.0,2276.0,,PH
BANK OF THE PHILP.ISLE.,PHY0967S1694,,,,,,,,,,,,277.0,314.0,559.0,,294.0,140.0,119.0,,,,,291.0,,155.0,4526.0,,PH
GLOBE TELECOM,PHY272571498,,,,,,,,,,,,25279.38,26012.6,28292.95,30493.75,44590.03,36779.9,39081.2,38531.75,36167.2,39362.93,36362.04,51139.43,54196.75,44172.56,,,PH
INTL.CTNR.TERM.SVS.,PHY411571011,,,,,,,,,,,,,,,,,,,21831.22,91319.0,81151.0,114395.0,135759.0,152065.0,115778.0,111739.0,,PH
MANILA ELECTRIC,PHY5764J1483,,,,,,,,,,,,,,,,,,,31890.0,683916.84,9042061.86,10347234.12,11699388.45,10010812.78,10277360.88,10825967.56,,PH
MEGAWORLD,PHY594811127,,,,,,,,,,,,,,,,,,,,,127595.0,14900.0,3567.79,6127.08,6769.01,20619.97,,PH
METROPOLITAN BANK AND TRUST,PHY6028G1361,,,,,,,,,,,,,,,,,,,,,175.5,371.0,149.0,147.0,345.0,375.0,,PH
PLDT,PHY7072Q1032,,,,,,,,,,,,,,,,,,,39320.0,36031.0,40091.0,43248.0,43420.0,48562.0,42348.0,,,PH
SM INVESTMENTS,PHY806761029,,,,,,,,,,,,,,,9907.0,29707.0,98860.0,9539.99,98457.18,334041.72,388919.52,378234.54,444600.0,415200.0,441689.81,821867.22,,PH
SM PRIME HOLDINGS,PHY8076N1120,,,,,,,,,,,,,,42290.0,46890.48,29707.0,98860.0,9539.99,9577.92,9642.0,23444.0,15689.0,177773.01,95229.24,104349.11,343209.3,,PH
UNIVERSAL ROBINA,PHY9297P1004,,,,,,,,,,,,,,,,,,195345.0,195345.13,,239035.0,224711.0,294674.0,318327.0,337953.0,408227.0,,PH
JARDINE CYC.& CARR.,SG1B51001017,,,,,,,,,,,,,,,,,,,,,4404200.0,3043500.0,3001300.0,4389800.0,4606200.0,4644600.0,,SG
SINGAPORE TECHS.ENGR.,SG1F60858221,,,,,,,,,,,,,,32223.0,39454.0,29598.0,28663.0,46100.0,31500.0,31400.0,32300.0,34000.0,36000.0,45000.0,45000.0,45000.0,,SG
SEATRIUM,SGXE34184239,,,,,,,,,,,,121561.0,259158.0,272301.0,70175.0,61488.0,60189.0,49035.0,54827.0,48867.0,52208.0,50645.0,61911.0,53902.0,71631.0,,,SG
SINGAPORE EXCHANGE,SG1J26887955,,,,,,,,,,,,,46.5,,,,,,,,51.0,45.0,65.0,35.0,30.0,32.0,24.0,SG
DBS GROUP HOLDINGS,SG1L01001701,,,,,,,,,,,,,,,,,,,,0.02,1547.0,992.0,757.0,318.0,582.0,1300.0,,SG
CAPITALAND INTEG. COML. TST.,SG1M51904654,,,,,,,,,,,,,,,,,,,,,20.0,14.0,42.0,33.0,30.0,317.0,,SG
COMFORTDELGRO CORPORATION,SG1N31909426,,,,,,,,,,,,,,,,,,,959739.0,956731.0,1046348.0,756097.0,834891.0,835048.0,835668.0,,,SG
SEMBCORP INDUSTRIES,SG1R50925390,,,,,,,,,,,,5541322.0,5559158.0,5564129.0,6400000.0,5700000.0,6900000.0,15100000.0,22200000.0,23672500.0,25851300.0,26303500.0,25936300.0,25229900.0,10183900.0,9054000.0,,SG
CITY DEVELOPMENTS,SG1R89002252,,,,,,,,,,,,339.0,1908.0,1471.0,2902.0,7363.0,62281.0,780.0,630.0,1547.0,402.0,1455.0,2646.0,1799.0,88.0,2886.0,,SG
UOL GROUP,SG1S83002349,,,,,,,,,,,,,,,,,,,,2222.0,2638.0,1484.0,1680.0,2269.0,2231.0,2128.0,,SG
FRASER AND NEAVE,SG1T58930911,,,,,,,,,,,,,,,,,,,40250.0,41266.0,52843.13,46370.0,48000.0,49050.0,49710.0,50180.0,,SG
SINGAPORE TELECOM,SG1T75931496,,,,,,,,,,,,,,,,,8641.0,7243.0,4487.0,6092.0,6652.0,5881.0,7643.0,6322.0,6251.0,8415.0,,SG
KEPPEL,SG1U68934629,,,,,,,,,,,95619.0,609170.0,595008.0,982090.0,585185.0,608436.0,687128.0,1205749.0,248083.0,26299.0,29564.0,42046.0,28628.0,29420.0,3091.0,1323.0,,SG
SINGAPORE AIRLINES,SG1V61937297,,,,,,,,,,,,,13286273.0,13826606.0,14216294.0,14081200.0,13786370.0,13940623.0,14085200.0,14176770.0,16502746.0,16283295.0,3953606.0,7788420.0,12749292.0,15063013.0,,SG
OUE,SG2B80958517,,,,,,,,,,,,,,,,,,,,,786.7,1618.1,1172.5,2175.9,2146.1,1883.1,,SG
FLEX,SG9999000020,,,,,,,,,,,,118930.0,82876.0,44354.0,43118.0,63936.0,36478.0,29870.0,73527.0,77032.0,82432.0,102364.0,76427.0,81647.0,86991.0,83630.0,78935.0,SG
XP POWER (DI),SG9999003735,,,,,,,,,,,,,,,,,,,,,12.0,194.1,212.0,561.0,545.0,585.0,,SG
GENTING SINGAPORE,SGXE21576413,,,,,,,,,,,,,,3743.2,3886.0,3030.0,3190.0,3030.0,3260.0,3410.25,4872.0,4515.0,3327.0,3930.0,1765.0,2440.0,,SG
BANGKOK BANK,TH0001010006,,,,,,,,,,,,,,,,3574.84,4030.0,,,12189.0,12312.0,14039.0,11619.0,21771.02,20844.94,12008.06,,TH
SIAM CEMENT,TH0003010Z04,,,,,,,,,,17870000.0,18920000.0,19660000.0,20730000.0,21690000.0,21340000.0,22100000.0,22510000.0,21510000.0,21150000.0,22100000.0,,30994851.0,30343481.0,27236390.0,24329050.0,22869440.0,,TH
KASIKORNBANK,TH0016010009,,,,,,,,,,,,,,18249.98,19646.22,24180.32,29765.0,31257.32,24583.26,21160.73,21145.2,18727.05,15833.59,11232.01,15467.65,15062.22,,TH
BANK OF AYUDHYA,TH0023010000,,,,,,,,,,,,,,,,,,,5375.0,2776.0,2802.0,10032.0,9792.0,8421.0,8601.0,9007.0,,TH
TMBTHANACHART BANK,TH0068010Z07,,,,,,,,,,,,,,,,,459.0,332.0,290.0,257.0,691.0,971.32,262.83,3069.88,2901.28,2747.24,,TH
CHAROEN POKPHAND FOODS,TH0101A10Z01,,,,,,,,,,,,,,160000.0,170000.0,190000.0,,240000.0,260000.0,250000.0,249036.0,1300000.0,1300000.0,1200000.0,1200000.0,1100000.0,,TH
MINOR INTERNATIONAL,TH0128B10Z09,,,,,,,,,,,,,,,1385.0,3152.0,3205.0,48477.0,70091.0,153008.0,160229.0,107777.0,137644.0,179246.0,192125.0,194384.0,,TH
BANPU,TH0148A10Z06,,,,,,,,,,,,,5339000.0,5557500.0,5720000.0,6960000.0,7264086.0,7830703.0,8149875.0,8721823.0,7550472.0,7401161.0,2746820.0,7952088.0,7521574.0,8796574.0,,TH
KRUNG THAI BANK,TH0150010Z03,,,,,,,,,,,,,,,,,,,,,14448.0,13422.03,11567.75,14096.19,17478.13,17091.0,,TH
THAI AIRWAYS INTL.,TH0245010002,,,,,,,,,,,,,,,7976697.0,7334319.0,5319310.0,5906760.0,7560684.0,7662621.72,7412035.0,,752688.0,,,,,TH
BANGKOK DUSIT MED.SVS.,TH0264A10Z04,,,,,,,,,,,,,,,,,,,3479.71,6751.98,9083.3,7717.09,8674.2,33688.43,28899.89,31975.36,,TH
ADVANCED INFO SER.,TH0268010Z03,,,,,,,,,,,,4930.0,4440.0,4650.0,6572.0,7239.0,7208.68,12965.47,11430.89,10687.0,11177.0,11196.0,8931.0,7411.0,9351.0,30349.0,,TH
HANA MICROELECTRONICS,TH0324B10Z01,,,,,,,,,,,,,,,,,,,,,1360.42,1272.93,5228.86,1627.0,881.0,2185.0,,TH
PTT EXPLORATION & PRDN.,TH0355A10Z04,,,,,,,,,,,2275890.0,3731455.09,2751323.0,4431144.0,4459039.0,5122074.0,4885951.0,4631491.0,4644870.0,4127617.0,3914233.0,5387737.0,5147774.8,5710654.41,6744227.0,6550208.0,,TH
THAI UNION GROUP,TH0450010Y08,,,,,,,,,,,,,,,,257337.07,384966.0,423268.0,367004.0,369887.0,337333.0,317453.0,323493.0,295653.0,269052.0,227901.0,,TH
ELECTRICITY GENERATING,TH0465010005,,,,,,,,,,,,,,,,,5972291.0,6247557.0,5828891.0,6664845.0,7034130.0,6318747.0,6088049.0,6150208.0,5715621.0,5535710.0,,TH
IRPC,TH0471010Y04,,,,,,,,,,,,3363000.0,2845000.0,3424000.0,3393000.0,3121000.0,3223000.0,3469000.0,3681000.0,3846000.0,3784000.0,3820000.0,3840000.0,3840000.0,3130000.0,3290000.0,,TH
CENTRAL PATTANA,TH0481B10Z00,,,,,,,,,,,,,,,,,3979.0,4302.52,3789.15,4103.0,10116.0,9326.0,4779.0,3007.0,4779.0,3715.0,,TH
RATCH GROUP PCL,TH0637010Y00,,,,,,,,,,,,,,,,,,,,6935752.0,5875291.0,6258865.0,6412471.0,8515787.0,4984325.0,5296098.0,,TH
PTT,TH0646010Z00,,,,,,,,,,,,22638896.0,25275008.0,32424531.0,31822632.0,30163397.0,31115981.0,29979970.0,30163397.0,29882080.0,29940265.0,29030149.0,47179719.0,45291359.0,40317987.0,40497930.0,,TH
CP ALL,TH0737010Y08,,,,,,,,,,,,,,,,,10596.01,8115.53,9008.51,221164.7,214860.15,236045.11,340404.09,448979.21,515002.05,437290.58,,TH
AIRPORTS OF THAILAND,TH0765010Z08,,,,,,,,,,,,,,1951.76,2450.61,2596.44,2506.27,2755.99,2160.7,3149.74,3184.23,3201.97,2499.25,2819.64,2941.58,2857.6,,TH
THAI OIL,TH0796010005,,,,,,,,,,,,,,,,2420000.0,2540000.0,3650000.0,3400000.0,3490000.0,3310000.0,3030000.0,3149000.0,3260005.0,3376162.0,3447284.49,,TH
PTT GLOBAL CHEMICAL,TH1074010006,,,,,,,,,,,,,2399223.0,5800000.0,5570000.0,5570000.0,5410000.0,5970000.0,6370000.0,5870000.0,5820000.0,5787067.0,6522577.0,6142594.0,6129439.0,6165999.0,,TH
